Cater Nation,533 reviews · TrustScore 4.9,23113 Midlothian,/review/caternation.com
Whidbey Island Seafood Company,300 reviews · TrustScore 4.9,98249 Freeland,/review/whidbeyseafoods.com
ezCater,13378 reviews · TrustScore 4.8,02109 Boston,/review/www.ezcater.com
SimplyOz.com,1390 reviews · TrustScore 4.8,45040 Cincinnati Ohio,/review/simplyoz.com
Balkanfresh,74 reviews · TrustScore 4.8,,/review/www.balkanfresh.com
Burgers' Smokehouse,14333 reviews · TrustScore 4.7,65018 California,/review/smokehouse.com
Freshly,5872 reviews · TrustScore 4.7,,/review/freshly.com
Popcornopolis,4131 reviews · TrustScore 4.7,90058 Vernon,/review/popcornopolis.com
Cameron's Seafood,2520 reviews · TrustScore 4.7,20850 Rockville,/review/cameronsseafood.com
ReBuilt Meals,204 reviews · TrustScore 4.7,,/review/rebuiltmeals.com
Frozen Garden,170 reviews · TrustScore 4.7,46383 Valparaiso,/review/www.thefrozengarden.com
Tablebases.com,126 reviews · TrustScore 4.7,95006 Boulder Creek,/review/tablebases.com
Simpalo Snacks,120 reviews · TrustScore 4.7,80524 Fort Collins,/review/simpalosnacks.com
Farm to Fork Meals,69 reviews · TrustScore 4.7,33334 Oakland Park,/review/farmtoforkmeals.com
Top Chef Meals,3375 reviews · TrustScore 4.6,10523 Elmsford,/review/topchefmeals.com
JB Prince Company,2505 reviews · TrustScore 4.6,10016 New York,/review/www.jbprince.com
LaBoutiquedesChefs,1600 reviews · TrustScore 4.6,14120 Mondeville,/review/laboutiquedeschefs.com
Crab Dynasty,963 reviews · TrustScore 4.6,21817 Crisfield,/review/www.crabdynasty.com
California Delicious,634 reviews · TrustScore 4.6,94801 Richmond,/review/californiadelicious.com
Macro Mediterranean Holistic Meal Delivery,136 reviews · TrustScore 4.6,02155 Medford,/review/macro-mediterranean.com
Wiens Wagyu,96 reviews · TrustScore 4.6,67864 Meade,/review/wienswagyu.com
Umble Burgers,24 reviews · TrustScore 4.6,77338 Humble,/review/umbleburgers.com
Cjacketpotato,23 reviews · TrustScore 4.6,02136 Hyde Park,/review/cjacketpotato.com
Fit Food Fresh,22 reviews · TrustScore 4.6,33432 Boca Raton,/review/fitfoodfresh.com
Munchery,962 reviews · TrustScore 4.5,,/review/www.munchery.com
Farm Direct,880 reviews · TrustScore 4.5,N5 1XG London,/review/www.farm-direct.com
Culinary Depot,141 reviews · TrustScore 4.5,10952 Monsey,/review/culinarydepotinc.com
newyorkgrocery,130 reviews · TrustScore 4.5,10003 New York,/review/www.newyorkgrocery.com
7shifts,79 reviews · TrustScore 4.5,S7K 1K6 Saskatoon,/review/www.7shifts.com
healthygourmet.com,13 reviews · TrustScore 4.5,77066 Houston,/review/healthygourmet.com
HelloFresh US,34507 reviews · TrustScore 4.4,,/review/hellofresh.com
Vizilok,161 reviews · TrustScore 4.4,11235 New York,/review/vizilok.com
Superiorseating,113 reviews · TrustScore 4.4,07033 Kenilworth,/review/superiorseating.com
Yumble,81 reviews · TrustScore 4.4,10013 New York,/review/yumblekids.com
Hellooma,23 reviews · TrustScore 4.4,,/review/hellooma.com
Green Is Better Saladbars,12 reviews · TrustScore 4.4,10001 New York City,/review/www.greenbusinessonly.com
Factor_,8429 reviews · TrustScore 4.3,60510 Batavia,/review/factor75.com
eMeals,1277 reviews · TrustScore 4.3,,/review/www.emeals.com
AllPoints Foodservice Parts & Supplies,810 reviews · TrustScore 4.3,60056 Mt Prospect,/review/allpointsfps.com
Sensibus,333 reviews · TrustScore 4.3,94005 Brisbane,/review/www.sensibus.com
The Hatch Chile Store,118 reviews · TrustScore 4.3,88007 Las Cruces,/review/hatch-green-chile.com
My Cuistot,82 reviews · TrustScore 4.3,10065 New York,/review/mycuistot.fr
MCL Restaurant & Bakery,24 reviews · TrustScore 4.3,46220 Indianapolis,/review/mclhomemade.com
Burgerim Humble,12 reviews · TrustScore 4.3,77338 Humble,/review/burgerimhumble.com
Cater Boom,9 reviews · TrustScore 4.3, 23517 Norfolk,/review/caterboom.com
Tough Cookies Meal Prep,7 reviews · TrustScore 4.3,02339 Hanover,/review/toughcookies.co
EveryPlate,18306 reviews · TrustScore 4.2,75050 Grand Prairie,/review/everyplate.com
Maine Lobster Now®,3060 reviews · TrustScore 4.2,04102 Portland,/review/www.mainelobsternow.com
Foodler,2127 reviews · TrustScore 4.2,,/review/foodler.com
Send a Meal,895 reviews · TrustScore 4.2,80424 Breckenridge,/review/sendameal.com
Farmstead Grocery Delivery,290 reviews · TrustScore 4.2,94110 San Francisco,/review/farmsteadapp.com
Future POS,34 reviews · TrustScore 4.2,16001 Butler,/review/futurepos.com
Thegatewayadvantage,10 reviews · TrustScore 4.2,92024 Encinitas,/review/www.thegatewayadvantage.com
Juan Valdez Café,7 reviews · TrustScore 4.2,,/review/www.juanvaldezcafestore.com
MealPal,3224 reviews · TrustScore 4.1,,/review/mealpal.com
Fresh N' Lean,1456 reviews · TrustScore 4.1,92801 Anaheim,/review/freshnlean.com
USA Equipment Direct,169 reviews · TrustScore 4.1,,/review/usaequipmentdirect.com
Mighty Macros,130 reviews · TrustScore 4.1,,/review/mightymacros.com
Germanshop24,90 reviews · TrustScore 4.1,31310 Hinesville,/review/germanshop24.com
The Student Cafe,10 reviews · TrustScore 4.1,9746TN Groningen ,/review/thestudentcafe.nl
Redcliffslodge,7 reviews · TrustScore 4.1,84532 Moab,/review/redcliffslodge.com
Hope Breakfast Bar,6 reviews · TrustScore 4.1,55102 Saint Paul,/review/hopebreakfast.com
Terra's Kitchen,474 reviews · TrustScore 4,,/review/www.terraskitchen.com
TopMunch,75 reviews · TrustScore 4,94040 Mountain View,/review/topmunch.com
Zone Healthy,25 reviews · TrustScore 4,,/review/zonehealthy.com
Penthouse808 Asian Bistro & Lounge,25 reviews · TrustScore 4,11101 Long Island City,/review/www.penthouse808rooftop.com
Liquor License Advisers,8 reviews · TrustScore 4,33408 North Palm Beach,/review/flliquorlicense.com
Hungry Earthling,7 reviews · TrustScore 4,,/review/hungryearthling.com
LAYLA Mediterranean Grill & Mezze,5 reviews · TrustScore 4,84117 Holladay,/review/www.laylagrill.com
Bangbop,5 reviews · TrustScore 4,20017 Washington,/review/bangbop.com
Nationwide Cater ,4 reviews · TrustScore 4,10314 Staten Island,/review/nwcater.com
A Chef of Your Own Fresh Crafted Cuisine,3 reviews · TrustScore 4,80525 Fort Collins,/review/ilovegreatfood.com
Pittman & Davis,3768 reviews · TrustScore 3.9,78552 Harlingen,/review/www.pittmandavis.com
Ablekitchen,14 reviews · TrustScore 3.9,,/review/www.ablekitchen.com
Edwin Mills,9 reviews · TrustScore 3.9,91105 Pasadena,/review/edwinmills.com
O’Kelley’s Sports Bar & Grill,7 reviews · TrustScore 3.9,85202 Mesa,/review/okelleysbar.com
FlexPro Meals,408 reviews · TrustScore 3.8,64110 Kansas City,/review/flexpromeals.com
Ministeriet,14 reviews · TrustScore 3.8,,/review/www.ministeriet.org
Aurora Banquet Hall,2 reviews · TrustScore 3.8,91042 Los Angeles,/review/www.aurorabanquethall.com
Marley Spoon,2241 reviews · TrustScore 3.7,11101 Long Island City,/review/marleyspoon.com
SpoonRocket,3 reviews · TrustScore 3.7,,/review/spoonrocket.com
Cottage Inn Pizza,3 reviews · TrustScore 3.7,,/review/cottageinn.com
Favorite Indian Restaurant,1 reviews · TrustScore 3.7,94544 hayward,/review/www.favoriteindia.com
Hyderabad Place Indian cuisine,1 reviews · TrustScore 3.7,94538 Fremont,/review/hyderabadplace.com
Delivery2you,1 reviews · TrustScore 3.7,60035 Highland Park,/review/delivery2you.com
Christinis Ristorante Italiano,1 reviews · TrustScore 3.7,32819 Orlando,/review/christinis.com
Elk USA,60 reviews · TrustScore 3.6,81132 Del Norte,/review/elkusa.com
Crateful,37 reviews · TrustScore 3.6,90031 Los Angeles,/review/www.eatcrateful.com
Smarty Pants,1 reviews · TrustScore 3.6,98108 Seattle,/review/smartypantsseattle.com
TuckEat,3 reviews · TrustScore 3.5,27601 Raleigh ,/review/tuckeat.com
Eworkorders,,08889 Whitehouse Station,/review/eworkorders.com
Eden Silk Road Uyghur Cuisine,,,/review/edensilkroad.com
Outer Banks Brewing Station,,,/review/obbrewing.com
dolanuyghur.com,,,/review/dolanuyghur.com
Volcanosmokeshop,,,/review/volcanosmokeshop.com
Mcgowanshopsandgrapes,,,/review/mcgowanshopsandgrapes.com
Lakeside Deli Verona,,07044 Verona,/review/lakesidedeliverona.com
Silk Thai Café,,98406 Tacoma,/review/silkthaicafe.com
Desafio Adventure Company,,21007 La Fortuna,/review/www.desafiocostarica.com
Fresh Levant,,27615 Raleigh,/review/freshlevant.com
DeliverClub Inc.,,33602 Tampa,/review/deliverclub.com
Top Notch Catering,,35203 Birmingham,/review/topnotchcateringonline.com
Absolutely Fresh,,68144 Omaha,/review/absolutelyfresh.com
Rubystexmex,,,/review/www.rubystexmex.com
Thrive,,75063 Irving,/review/thrivepos.com
JK'S Chicago Hot Dogs and Beef sandwich,,78232 San Antonio,/review/jkchicagodogs.com
Pub Dog Colorado,,80904 COLORADO SPRINGS,/review/pubdogcolorado.com
Baiano Pizzeria,,94122 San Francisco,/review/baianopizzeria.com
Ironbarnyc,,,/review/ironbarnyc.com
ibirdchef.com,,94544 Hayward ,/review/ibirdchef.com
Waffle House,23 reviews · TrustScore 3.4,30071 Norcross,/review/www.wafflehouse.com
Prince Of India,4 reviews · TrustScore 3.4,,/review/www.prince-of-india.com
Barx Parx,2 reviews · TrustScore 3.4,89123 Las Vegas,/review/www.barxparx.com
Time To Eat Delivery,5 reviews · TrustScore 3.3,93651 Prather,/review/timetoeatdelivery.com
Sandy's Chill Spot Ice Cream & Seafood Restaurant Bellingham,1 reviews · TrustScore 3.3,02019 Bellingham,/review/sandysicecream.com
Redesign Bk,52 reviews · TrustScore 3.2,,/review/redesign.bk.com
BeerRightNow.com,9 reviews · TrustScore 3.2,10003 Manhattan,/review/beerrightnow.com
Panini Kabob Grill,1 reviews · TrustScore 3.2,92660 Costa Mesa,/review/paninikabobgrill.com
Farm Fresh To You,3127 reviews · TrustScore 3.1,95607 Capay,/review/farmfreshtoyou.com
Full Circle,14 reviews · TrustScore 3.1,,/review/fullcircle.com
Cheddars,13 reviews · TrustScore 3.1,,/review/www.cheddars.com
Spice Enthusiast,6 reviews · TrustScore 3.1,60641 Chicago,/review/spiceenthusiast.com
The Tollemache Arms,3 reviews · TrustScore 3.1,,/review/tollemacheharrington.com
Wild Alaska Salmon & Seafood,98 reviews · TrustScore 2.9,,/review/wildalaskasalmonandseafood.com
Carrabbas,9 reviews · TrustScore 2.9,,/review/www.carrabbas.com
Shanghai Hotel Holland,2 reviews · TrustScore 2.9,,/review/www.chinahotelholland.com
Starbucks,1034 reviews · TrustScore 2.7,,/review/www.starbucks.com
FreshDirect,24 reviews · TrustScore 2.6,,/review/www.freshdirect.com
Seamless,1172 reviews · TrustScore 2.5,,/review/www.seamless.com
MC Donalds,459 reviews · TrustScore 2.5,,/review/mc-donalds.com
WebstaurantStore,272 reviews · TrustScore 2.5,,/review/webstaurantstore.com
Mr. Delivery,75 reviews · TrustScore 2.5,48911 Lansing,/review/mrdelivery.com
Restaurant.com,39 reviews · TrustScore 2.3,,/review/www.restaurant.com
YLighting,9 reviews · TrustScore 2.3,,/review/www.ylighting.com
Goldbelly,154 reviews · TrustScore 2.2,94107 San Francisco,/review/www.goldbelly.com
TigerChef.com,67 reviews · TrustScore 2.1,10901 Suffern,/review/www.tigerchef.com
KFC,882 reviews · TrustScore 2,,/review/www.kfc.com
McDonald’s,212 reviews · TrustScore 2,,/review/www.macdonalds.com
Grubhub,9901 reviews · TrustScore 1.8,,/review/www.grubhub.com
P.F. Chang's,188 reviews · TrustScore 1.8,,/review/www.pfchangs.com
ReStockIt.com,24 reviews · TrustScore 1.7,,/review/www.restockit.com
Yelp,2227 reviews · TrustScore 1.6,,/review/www.yelp.com
Nutrisystem,1916 reviews · TrustScore 1.6,,/review/nutrisystem.com
delivery.com,1759 reviews · TrustScore 1.5,,/review/delivery.com
