,Brand_name,Price,Ratings,Rating_count,Review_count
0,HP 15s Core i3 10th Gen - (8 GB/1 TB HDD/Windows 10 Home) 15q-DS3001TU Laptop,35990,4.2,2658,301
1,HP 14s Core i3 10th Gen - (8 GB/256 GB SSD/Windows 10 Home) 14s-cf3074TU Thin and Light Laptop,35990,4.2,1011,123
2,HP 15 Ryzen 3 Dual Core 3200U - (4 GB/1 TB HDD/Windows 10 Home) 15-db1069AU Laptop,30000,4.1,1740,241
3,HP 15s Core i3 10th Gen - (4 GB/512 GB SSD/Windows 10 Home) 15s-fr1004tu Thin and Light Laptop,42189,4.4,1151,163
4,Asus Celeron Dual Core - (4 GB/1 TB HDD/Windows 10 Home) X543MA-GQ1015T Laptop,20990,4.0,1532,183
5,HP 15s Ryzen 3 Dual Core 3250U - (4 GB/1 TB HDD/256 GB SSD/Windows 10 Home) 15s-GR0008AU Thin and Ligh...,42127,4.4,467,70
6,HP 15s Ryzen 5 Quad Core 3500U - (8 GB/512 GB SSD/Windows 10 Home) 15s-EQ0024au Thin and Light Laptop,48990,4.5,1297,285
7,Lenovo ThinkBook 14 Core i5 10th Gen - (8 GB/256 GB SSD/Windows 10 Pro) ThinkBook 14 IML Thin and Ligh...,46990,4.6,20,5
8,Acer One 14 Pentium Gold - (4 GB/1 TB HDD/Windows 10 Home) Z2-485 Thin and Light Laptop,23990,4.0,5173,590
9,Acer Aspire 7 Ryzen 7 Quad Core 3750H - (8 GB/512 GB SSD/Windows 10 Home/4 GB Graphics/NVIDIA Geforce ...,57990,4.3,414,50
10,HP 14 Core i5 10th Gen - (8 GB/512 GB SSD/Windows 10 Home) 14-ck2018TU Thin and Light Laptop,47490,4.3,506,49
11,Lenovo ThinkPad Core i7 10th Gen - (16 GB/1 TB HDD/256 GB SSD/Windows 10 Home) ThinkPad E14 Thin and L...,75990,4.3,24,3
12,Asus VivoBook 14 Ryzen 5 Hexa Core 4500U - (8 GB/512 GB SSD/Windows 10 Home) M413IA-EK582T Thin and Li...,50991,4.5,338,66
13,Asus VivoBook 14 Ryzen 5 Quad Core 3500U - (8 GB/512 GB SSD/Windows 10 Home) X412DA-EK501T Thin and Li...,44550,4.4,5385,849
14,HP 14s Core i5 11th Gen - (8 GB/512 GB SSD/Windows 10 Home) 14s-DR2006TU Thin and Light Laptop,58990,4.8,5,1
15,HP Ryzen 5 Quad Core NA - (4 GB/256 GB SSD/DOS) 245 G7 Thin and Light Laptop,31490,4.3,86,22
16,HP Pavilion Gaming Ryzen 5 Quad Core 3550H - (8 GB/1 TB HDD/Windows 10 Home/4 GB Graphics/NVIDIA Gefor...,54990,4.2,5775,818
17,Asus VivoBook 15 Core i3 7th Gen - (4 GB/1 TB HDD/Windows 10 Home) X543UA-DM342T Laptop,30990,4.1,4152,547
18,HP Pavilion x360 Core i5 10th Gen - (8 GB/512 GB SSD/Windows 10 Home) 14-dh1179TU 2 in 1 Laptop,61990,4.5,320,28
19,MSI Alpha 15 Ryzen 7 Quad Core 3750H - (16 GB/1 TB HDD/256 GB SSD/Windows 10 Home/4 GB Graphics/AMD Ra...,69990,4.5,152,30
20,HP 15s Core i5 10th Gen - (4 GB + 32 GB Optane/512 GB SSD/Windows 10 Home) 15s-du1065TU Thin and Light...,49490,4.3,402,61
21,Apple MacBook Air Core i5 5th Gen - (8 GB/128 GB SSD/Mac OS Sierra) MQD32HN/A A1466,67990,4.7,28884,3176
22,HP 14s Ryzen 5 Quad Core 3450U - (8 GB/512 GB SSD/Windows 10 Home) 14s-fr0012AU Thin and Light Laptop,43990,4.4,37,5
23,Asus VivoBook 15 Core i3 7th Gen - (4 GB/1 TB HDD/Windows 10 Home) X543UA-DM341T Laptop,30990,4.1,4152,547
24,Dell G3 Core i7 10th Gen - (16 GB/1 TB HDD/256 GB SSD/Windows 10 Home/4 GB Graphics/NVIDIA Geforce GTX...,86990,4.3,230,36
25,HP Pavilion x360 Core i7 8th Gen - (8 GB/1 TB HDD/256 GB SSD/Windows 10 Home/2 GB Graphics) 14-dh0112T...,76990,4.7,288,34
26,Acer One 14 Pentium Dual Core - (4 GB/1 TB HDD/Windows 10 Home) Z2-485 Thin and Light Laptop,23990,4.3,4,0
27,HP Pavilion x360 Core i3 10th Gen - (8 GB/512 GB SSD/Windows 10 Home) 14-dh1178TU 2 in 1 Laptop,51990,4.4,466,52
28,HP 15s Core i5 10th Gen - (8 GB/1 TB HDD/Windows 10 Home) 15s-DU1034TU Thin and Light Laptop,50990,4.2,1308,127
29,Asus VivoBook Gaming Core i7 9th Gen - (16 GB + 32 GB Optane/512 GB SSD/Windows 10 Home/4 GB Graphics/...,72990,4.3,427,74
30,HP Pavilion x360 Core i3 10th Gen - (8 GB/256 GB SSD/Windows 10 Home) 14-dh1181TU 2 in 1 Laptop,47990,4.0,12,1
31,MSI GF65 Thin Core i5 9th Gen - (16 GB/512 GB SSD/Windows 10 Home/6 GB Graphics/NVIDIA Geforce GTX 166...,74990,4.6,245,57
32,Lenovo Ideapad S340 Core i5 10th Gen - (8 GB/1 TB HDD/256 GB SSD/Windows 10 Home) 81VV ideapad S340 -1...,57990,4.3,601,62
33,Acer Nitro 5 Ryzen 7 Octa Core 4800H - (8 GB/1 TB HDD/256 GB SSD/Windows 10 Home/4 GB Graphics/NVIDIA ...,82590,4.4,14,2
34,Asus Pentium Quad Core - (4 GB/1 TB HDD/Windows 10 Home) X543MA-GQ501T Laptop,23990,4.0,1099,149
35,Lenovo IdeaPad Gaming 3i Core i7 10th Gen - (8 GB/1 TB HDD/256 GB SSD/Windows 10 Home/4 GB Graphics/NV...,78990,4.4,488,89
36,HP Pavilion x360 Core i7 10th Gen - (8 GB/512 GB SSD/Windows 10 Home) 14-dh1180TU 2 in 1 Laptop,74990,4.4,84,15
37,Acer Predator Triton 300 Core i5 10th Gen - (8 GB/512 GB SSD/Windows 10 Home/4 GB Graphics/NVIDIA Gefo...,74990,4.8,4,1
38,MSI GF65 Thin Core i7 9th Gen - (16 GB/512 GB SSD/Windows 10 Home/6 GB Graphics/NVIDIA Geforce RTX 206...,94990,4.6,465,99
39,Lenovo ThinkPad E14 Core i3 10th Gen - (4 GB/256 GB SSD/Windows 10 Home) E14 Thin and Light Laptop,38990,4.5,80,16
40,HP 250 G7 Core i3 10th Gen - (4 GB/512 GB SSD/Windows 10 Home) 22A67PA Laptop,40689,4.2,177,17
41,Asus TUF Ryzen 7 Quad Core 3750H - (8 GB/512 GB SSD/Windows 10 Home/4 GB Graphics/NVIDIA Geforce GTX 1...,64990,4.5,171,26
42,HP Omen Ryzen 5 Hexa Core 4600H - (8 GB/512 GB SSD/Windows 10 Home/6 GB Graphics/NVIDIA Geforce GTX 16...,85990,4.8,122,20
43,HP 15 Core i3 10th Gen - (4 GB/1 TB HDD/Windows 10 Home) 15-DA3001TU Laptop,34990,3.8,608,59
44,Apple MacBook Air Core i3 10th Gen - (8 GB/256 GB SSD/Mac OS Catalina) MWTJ2HN/A,83990,4.6,591,82
45,HP Ryzen 5 Quad Core NA - (8 GB/1 TB HDD/Windows 10 Home) 245 G7 Thin and Light Laptop,40200,4.2,58,7
46,HP Pavilion Gaming Core i5 9th Gen - (8 GB/1 TB HDD/256 GB SSD/Windows 10 Home/4 GB Graphics/NVIDIA Ge...,69990,4.5,602,102
47,Asus VivoBook 14 Core i5 10th Gen - (8 GB/1 TB HDD/256 GB SSD/Windows 10 Home) X412FA-EK511T Thin and ...,55990,4.4,1527,187
48,HP 14s Core i5 10th Gen - (8 GB/1 TB HDD/256 GB SSD/Windows 10 Home) 14s-CR2000TU Thin and Light Lapto...,59980,4.5,381,39
49,Lenovo Ideapad Gaming 3 Ryzen 7 Octa Core 4800H - (8 GB/1 TB HDD/256 GB SSD/Windows 10 Home/4 GB Graph...,72990,4.7,30,7
50,HP 14s Core i3 10th Gen - (8 GB/1 TB HDD/Windows 10 Home) 14s-er0004TU Thin and Light Laptop,43990,3.8,6,0
51,Acer Aspire 5 Core i5 11th Gen - (8 GB/512 GB SSD/Windows 10 Home) A514-54-5753 Thin and Light Laptop,54990,2.7,3,1
52,HP 14s Core i3 10th Gen - (8 GB/512 GB SSD/Windows 10 Home) 14s-DR1008TU Thin and Light Laptop,51000,4.4,611,83
53,Apple MacBook Air Core i3 10th Gen - (8 GB/256 GB SSD/Mac OS Catalina) MWTL2HN/A,83990,4.6,231,25
54,Dell Inspiron Core i3 10th Gen - (8 GB/1 TB HDD/Windows 10 Home) Inspiron 3593 Laptop,42100,3.9,16,1
55,HP Pavilion 14 Core i5 10th Gen - (8 GB/1 TB HDD/256 GB SSD/Windows 10 Home) 14-ce3065TU Thin and Ligh...,59400,4.5,131,27
56,Asus ZenBook 14 Core i5 11th Gen - (8 GB/512 GB SSD/Windows 10 Home) UX425EA-BM501TS Thin and Light La...,77990,4.6,8,1
57,Asus ROG Strix G15 Core i5 10th Gen - (8 GB/1 TB SSD/Windows 10 Home/4 GB Graphics/NVIDIA Geforce GTX ...,82990,4.6,256,46
58,MSI GF63 Thin Core i5 9th Gen - (8 GB/1 TB HDD/Windows 10 Home/4 GB Graphics/NVIDIA Geforce GTX 1650 w...,52990,4.4,430,76
59,Lenovo Ideapad 3 Athlon Dual Core 3050U - (4 GB/1 TB HDD/Windows 10 Home) 15ADA05 Laptop,30789,4.0,735,109
60,Dell Inspiron Core i5 10th Gen - (8 GB/512 GB SSD/Windows 10 Home/2 GB Graphics) INS 5408 Thin and Lig...,65990,4.3,98,13
61,HP 15s Ryzen 5 Quad Core 3450U - (8 GB/1 TB HDD/Windows 10 Home) 15s-GR0010AU Thin and Light Laptop,40990,,,
62,Acer Predator Helios 300 Core i5 10th Gen - (16 GB/1 TB HDD/256 GB SSD/Windows 10 Home/6 GB Graphics/N...,94990,4.6,429,73
63,Dell Inspiron Pentium Gold - (4 GB/256 GB SSD/Windows 10 Home) Inspiron 3480 Thin and Light Laptop,29643,4.2,329,56
64,Dell Vostro Core i3 10th Gen - (4 GB/1 TB HDD/Windows 10 Home) Vostro 3491 Thin and Light Laptop,33690,3.8,1604,202
65,Lenovo Core i3 10th Gen - (4 GB/1 TB HDD/Windows 10 Home) V15-IIL Laptop,34990,4.0,53,7
66,Dell Inspiron Core i3 10th Gen - (4 GB/1 TB HDD/Windows 10 Home) Inspiron 3593 Laptop,34990,3.9,156,14
67,Lenovo Ideapad S340 Core i5 10th Gen - (8 GB/1 TB HDD/256 GB SSD/Windows 10 Home/2 GB Graphics) S340 L...,61990,4.1,7,2
68,Lenovo Ideapad Gaming 3i Core i5 10th Gen - (8 GB/1 TB HDD/256 GB SSD/Windows 10 Home/4 GB Graphics/NV...,67990,4.4,441,59
69,HP Spectre x360 Core i5 10th Gen - (8 GB/512 GB SSD/Windows 10 Home) 13-aw0204TU 2 in 1 Laptop,99990,4.4,109,16
70,Lenovo ThinkPad E14 Core i3 10th Gen - (4 GB/256 GB SSD/Windows 10 Home) E14 Thin and Light Laptop,39990,4.4,328,59
71,Dell Inspiron Core i5 10th Gen - (8 GB/512 GB SSD/Windows 10 Home) Ins 5408 Thin and Light Laptop,61990,4.4,106,22
72,Dell Inspiron 3000 APU Dual Core A9 A9-9425 - (4 GB/1 TB HDD/Windows 10 Home) 3595 Laptop,27990,4.0,375,50
73,Asus VivoBook 14 Core i5 10th Gen - (8 GB/1 TB HDD/256 GB SSD/Windows 10 Home) X412FA-EK512T Thin and ...,55990,4.3,1556,170
74,Apple MacBook Pro with Touch Bar Core i5 8th Gen - (8 GB/256 GB SSD/Mac OS Catalina) MXK32HN/A,122990,4.6,160,27
75,HP 14s Core i5 10th Gen - (8 GB/1 TB HDD/256 GB SSD/Windows 10 Home) 14S-ER0003TU Thin and Light Lapto...,64374,4.4,458,55
76,Asus VivoBook 14 Core i5 10th Gen - (8 GB/1 TB HDD/256 GB SSD/Windows 10 Home/2 GB Graphics) X412FJ-EK...,59990,4.5,1104,158
77,Acer Predator Helios 300 Core i7 10th Gen - (16 GB/1 TB HDD/256 GB SSD/Windows 10 Home/6 GB Graphics/N...,119990,4.6,1328,247
78,Asus ROG Strix G Core i5 9th Gen - (8 GB/1 TB HDD/256 GB SSD/Windows 10 Home/4 GB Graphics/NVIDIA Gefo...,69990,4.5,5535,732
79,Acer Swift 3 Core i5 11th Gen - (8 GB/512 GB SSD/Windows 10 Home) SF313-53-532J Thin and Light Laptop,67990,4.8,6,1
80,Lenovo ThinkPad Core i5 10th Gen - (8 GB/1 TB HDD/256 GB SSD/Windows 10 Home) ThinkPad E14 Thin and Li...,62990,4.4,22,1
81,MSI GF65 Thin Core i7 9th Gen - (16 GB/512 GB SSD/Windows 10 Home/6 GB Graphics/NVIDIA Geforce GTX 166...,84990,4.5,255,43
82,Asus ROG Strix G15 Core i7 10th Gen - (16 GB/512 GB SSD/Windows 10 Home/6 GB Graphics/NVIDIA Geforce G...,104990,4.4,27,5
83,Dell G3 Core i5 10th Gen - (8 GB/1 TB HDD/256 GB SSD/Windows 10 Home/4 GB Graphics/NVIDIA Geforce GTX ...,72990,4.5,190,17
84,Apple MacBook Pro Core i9 8th Gen - (16 GB/512 GB SSD/Mac OS Mojave/4 GB Graphics) MV912HN,209990,4.2,16,0
85,HP 15s Core i3 10th Gen - (8 GB/1 TB HDD/Windows 10 Home) 15s-du2002TU Thin and Light Laptop,42990,4.4,432,54
86,HP Pavilion Gaming Ryzen 5 Quad Core 3550H - (8 GB/512 GB SSD/Windows 10 Home/4 GB Graphics/NVIDIA Gef...,59990,4.5,947,118
87,Asus TUF Ryzen 5 Quad Core 3550H - (8 GB/512 GB SSD/Windows 10 Home/4 GB Graphics/NVIDIA Geforce GTX 1...,59990,4.4,253,29
88,Avita Liber V14 Ryzen 5 Quad Core 3500U - (8 GB/512 GB SSD/Windows 10 Home) NS14A8INV562-CYA Thin and ...,38990,4.2,107,25
89,Asus ROG Strix G15 (2020) Core i7 10th Gen - (16 GB/1 TB SSD/Windows 10 Home/4 GB Graphics/NVIDIA Gefo...,93990,4.5,179,35
90,Dell G3 Core i7 9th Gen - (8 GB/1 TB HDD/512 GB SSD/Windows 10 Home/4 GB Graphics/NVIDIA Geforce GTX 1...,84990,4.4,310,50
91,Apple MacBook Air Core i3 10th Gen - (8 GB/256 GB SSD/Mac OS Catalina) MWTK2HN/A,83990,4.6,591,82
92,HP Omen Ryzen 5 Hexa Core 4600H - (8 GB/512 GB SSD/Windows 10 Home/4 GB Graphics/NVIDIA Geforce GTX 16...,75990,4.6,495,89
93,HP Omen Core i7 10th Gen - (16 GB/1 TB SSD/Windows 10 Home/4 GB Graphics/NVIDIA Geforce GTX 1650 Ti) 1...,114990,3.3,11,3
94,HP Pavilion x360 Core i5 10th Gen - (8 GB/512 GB SSD/Windows 10 Home) 14-dw0069TU 2 in 1 Laptop  with ...,72442,4.7,39,6
95,Apple MacBook Air Core i5 10th Gen - (8 GB/512 GB SSD/Mac OS Catalina) MVH22HN/A,118990,4.5,215,15
96,Asus VivoBook 14 Ryzen 5 Hexa Core 4500U - (8 GB/512 GB SSD/Windows 10 Home) M413IA-EK584T Thin and Li...,50991,4.4,236,56
97,MSI Bravo 15 Ryzen 5 Hexa Core 4600H - (16 GB/512 GB SSD/Windows 10 Home/4 GB Graphics/AMD Radeon RX 5...,72990,4.6,85,17
98,Apple MacBook Pro Core i9 9th Gen - (16 GB/1 TB SSD/Mac OS Catalina/4 GB Graphics) MVVK2HN/A,224900,4.8,81,10
99,Dell XPS Core i7 10th Gen - (32 GB/1 TB SSD/Windows 10 Home/4 GB Graphics) XPS 9500 Laptop,208346,,,
100,HP 14s Core i7 10th Gen - (8 GB/512 GB SSD/Windows 10 Home) 14s-DR1010TU Thin and Light Laptop,69990,4.6,12,1
101,Dell G3 Core i7 10th Gen - (8 GB/512 GB SSD/Windows 10 Home/4 GB Graphics/NVIDIA Geforce GTX 1650/120 ...,85990,4.5,17,3
102,Dell Inspiron Core i3 10th Gen - (4 GB/1 TB HDD/256 GB SSD/Windows 10 Home) Inspiron 5491 2 in 1 Lapto...,55990,4.4,79,11
103,HP 14s Core i3 10th Gen - (4 GB/1 TB HDD/Windows 10 Home) 14S-ER0002TU Thin and Light Laptop  with inb...,39990,3.8,342,72
104,HP Envy x360 Ryzen 5 Hexa Core 4500U - (8 GB/256 GB SSD/Windows 10 Home) 13-ay0044AU 2 in 1 Laptop,69990,4.5,71,16
105,HP 15s Ryzen 7 Quad Core 3700U - (8 GB/512 GB SSD/Windows 10 Home) 15s-eq0132AU Thin and Light Laptop,59190,4.4,98,18
106,Lenovo IdeaPad Gaming 3i Core i5 10th Gen - (8 GB/1 TB HDD/256 GB SSD/Windows 10 Home/4 GB Graphics/NV...,69990,4.4,395,71
107,Lenovo Ideapad S145 Core i3 8th Gen - (4 GB/1 TB HDD/DOS) S145-15IKB Laptop,35990,4.1,555,70
108,Dell Vostro Core i3 10th Gen - (8 GB/1 TB HDD/Windows 10 Home) Vostro 3491 Thin and Light Laptop,36890,4.0,2739,326
109,Lenovo Ideapad S145 APU Dual Core A6 A6-9225 - (4 GB/1 TB HDD/Windows 10 Home) S145-15AST Thin and Lig...,24189,4.0,3427,533
110,Dell Vostro Core i3 10th Gen - (4 GB/256 GB SSD/Windows 10 Home) Vostro 3491 Thin and Light Laptop,35990,4.2,1213,173
111,Dell Vostro Core i3 10th Gen - (4 GB/1 TB HDD/Linux) Vostro 3491 Thin and Light Laptop,30990,4.1,230,19
112,Lenovo Ideapad 3 Core i3 10th Gen - (4 GB/1 TB HDD/Windows 10 Home) 14IIL05 Thin and Light Laptop,35990,3.8,869,119
113,Lenovo Ideapad L340 Core i5 9th Gen - (8 GB/1 TB HDD/256 GB SSD/Windows 10 Home/4 GB Graphics/NVIDIA G...,60990,4.4,898,134
114,Apple MacBook Pro Core i5 8th Gen - (8 GB/128 GB SSD/Mac OS Mojave) MUHN2HN/A,104990,4.7,124,19
115,Lenovo Ideapad S145 APU Dual Core A6 A6-9225 - (4 GB/1 TB HDD/Windows 10 Home) S145-15AST Laptop,27190,4.0,152,13
116,Asus VivoBook 15 Core i3 10th Gen - (8 GB/1 TB HDD/Windows 10 Home) X509JA-BQ841TS Laptop,40880,4.3,278,41
117,HP 14s Core i5 10th Gen - (8 GB/512 GB SSD/Windows 10 Home) 14s- DR1009TU Thin and Light Laptop,57458,4.4,309,49
118,Lenovo Ideapad S145 Core i3 7th Gen - (4 GB/1 TB HDD/Windows 10 Home) S145-15IKB Thin and Light Laptop,33990,3.8,22,2
119,Dell Inspiron Core i3 10th Gen - (8 GB/1 TB HDD/Windows 10 Home) Inspiron 3593 Laptop,41399,4.2,415,46
120,MSI GF75 Thin Core i7 9th Gen - (16 GB/1 TB HDD/256 GB SSD/Windows 10 Home/4 GB Graphics/NVIDIA Geforc...,79990,4.4,610,96
121,Lenovo Ideapad S145 Core i5 10th Gen - (8 GB/1 TB HDD/Windows 10 Home) 81W8 idea pad S145 -15IIL U Lap...,44990,4.0,1528,181
122,HP 14s Core i3 8th Gen - (4 GB/256 GB SSD/Windows 10 Home) 14s-cs0001TU Thin and Light Laptop,35990,4.3,179,29
123,Avita Liber Core i5 10th Gen - (8 GB/256 GB SSD/Windows 10 Home) NS14A8INF541-FL Thin and Light Laptop,52990,4.3,615,102
124,Dell Inspiron Core i5 10th Gen - (8 GB/512 GB SSD/Windows 10 Home) Inspiron 5300 Thin and Light Laptop,73990,4.8,9,2
125,Dell XPS Core i5 10th Gen - (8 GB/512 GB SSD/Windows 10 Home) XPS 9300 Thin and Light Laptop,142567,,,
126,Lenovo Yoga Slim 7 Core i5 10th Gen - (8 GB/512 GB SSD/Windows 10 Home/2 GB Graphics) 14IIL05 Thin and...,73990,4.6,7,0
127,MSI Prestige 15 Core i7 10th Gen - (16 GB/512 GB SSD/Windows 10 Home/4 GB Graphics) Prestige 15 A10SC-...,102990,4.5,68,14
128,Apple MacBook Pro with Touch Bar Core i5 10th Gen - (16 GB/1 TB SSD/Mac OS Catalina) MWP82HN/A,194900,5.0,14,0
129,Dell Inspiron 5000 Core i5 10th Gen - (8 GB/1 TB HDD/512 GB SSD/Windows 10 Home/2 GB Graphics) 5593 La...,68990,3.6,5,2
130,HP Pavilion x360 Core i5 8th Gen - (8 GB/1 TB HDD/Windows 10 Home) 14-dh0150TU 2 in 1 Laptop,61990,4.4,218,27
131,Asus ROG Strix G15 Core i7 10th Gen - (8 GB/512 GB SSD/Windows 10 Home/4 GB Graphics/NVIDIA Geforce GT...,84990,4.6,121,16
132,Asus ROG Strix G15 (2020) Core i7 10th Gen - (16 GB/512 GB SSD/Windows 10 Home/4 GB Graphics/NVIDIA Ge...,88990,4.5,259,37
133,LG Gram Core i5 8th Gen - (8 GB/256 GB SSD/Windows 10 Home) Gram 14Z990 Thin and Light Laptop,59990,3.7,6,0
134,Acer Swift 3 Core i5 10th Gen - (8 GB/512 GB SSD/Windows 10 Home/2 GB Graphics) SF314-57/SF314-57G Thi...,64990,4.5,65,12
135,LG Gram Core i5 8th Gen - (8 GB/256 GB SSD/Windows 10 Home) Gram 15Z990 Thin and Light Laptop,69990,,,
136,Asus VivoBook 15 Core i5 10th Gen - (8 GB/512 GB SSD/Windows 10 Home) X509JA-BQ844T Laptop,52990,4.3,378,60
137,Lenovo Legion 7i Core i7 10th Gen - (16 GB/1 TB SSD/Windows 10 Home/8 GB Graphics/NVIDIA Geforce RTX 2...,245990,,,
138,Asus Celeron Dual Core - (4 GB/1 TB HDD/Windows 10 Home) X540NA-GQ285T Laptop,24989,4.0,41,4
139,Avita Pura Core i3 8th Gen - (4 GB/256 GB SSD/Windows 10 Home in S Mode) NS14A6INT441-MEGYB Thin and L...,28990,4.2,214,30
140,Lenovo ThinkPad E14 Core i3 10th Gen - (4 GB/1 TB HDD/Windows 10 Home) E14 Thin and Light Laptop,32990,4.1,381,78
141,HP 15 Ryzen 7 Octa Core 4800H - (16 GB/1 TB SSD/Windows 10 Home/6 GB Graphics/NVIDIA Geforce RTX 2060)...,124990,,,
142,Apple MacBook Pro with Touch Bar Core i5 10th Gen - (16 GB/512 GB SSD/Mac OS Catalina) MWP72HN/A,174900,4.3,21,5
143,Lenovo Legion 7i Core i7 10th Gen - (16 GB/1 TB SSD/Windows 10 Home/8 GB Graphics/NVIDIA Geforce RTX 2...,193990,4.2,5,2
144,Dell G3 Core i7 10th Gen - (16 GB/512 GB SSD/Windows 10 Home/6 GB Graphics/NVIDIA Geforce GTX 1660 Ti/...,103790,3.9,19,6
145,Asus Core i5 8th Gen - (8 GB/512 GB SSD/Windows 10 Home) X412FA-EK296T Thin and Light Laptop,58990,,,
146,Dell G7 Core i9 10th Gen - (16 GB/1 TB SSD/Windows 10 Home/8 GB Graphics/NVIDIA Geforce RTX 2070/300 H...,207990,,,
147,HP 14s Core i3 10th Gen - (4 GB/1 TB HDD/Windows 10 Home) 14s-cf3006TU Thin and Light Laptop,38990,4.0,471,60
148,Dell Latitude 3500 Core i3 8th Gen - (4 GB/1 TB HDD/Linux) Latitude 3500 Laptop,32990,4.1,35,3
149,MSI Modern 14 Core i5 10th Gen - (8 GB/512 GB SSD/Windows 10 Home) Modern 14 B10MW-220IN Thin and Ligh...,52990,4.5,430,92
150,Apple MacBook Pro Core i9 8th Gen - (16 GB/512 GB SSD/Mac OS Mojave/4 GB Graphics) MV932HN,209990,4.2,16,0
151,HP Chromebook x360 Core i3 10th Gen - (4 GB/64 GB EMMC Storage/Chrome OS) 14c-ca0004TU 2 in 1 Laptop,44990,3.8,6,2
152,MSI GF63 Thin Core i5 9th Gen - (8 GB/512 GB SSD/Windows 10 Home/4 GB Graphics/NVIDIA Geforce GTX 1650...,57990,4.5,1392,216
153,Alienware Core i7 10th Gen - (16 GB/1 TB SSD/Windows 10 Home/6 GB Graphics/NVIDIA Geforce RTX 2060/300...,214790,,,
154,Lenovo Ideapad 3 Ryzen 3 Dual Core 3250U - (4 GB/1 TB HDD/Windows 10 Home) 15ADA05 Laptop,36990,3.8,6,1
155,Lenovo Ideapad Flex 5 Core i3 10th Gen - (4 GB/256 GB SSD/Windows 10 Home) 14IIL05 2 in 1 Laptop,47980,4.3,200,13
156,LG Gram Core i7 8th Gen - (8 GB/512 GB SSD/Windows 10 Home) Gram 17Z990 Thin and Light Laptop,84990,4.8,4,2
157,Dell Inspiron Core i7 10th Gen - (8 GB/512 GB SSD/Windows 10 Home/2 GB Graphics) Inspiron 5501 Thin an...,86550,4.6,31,6
158,HP 15s Ryzen 3 Dual Core 3250U - (4 GB/1 TB HDD/Windows 10 Home) 15s-GR0007AU Thin and Light Laptop,31990,4.2,242,44
159,Mi Notebook 14 Core i5 10th Gen - (8 GB/512 GB SSD/Windows 10 Home) JYU4243IN Thin and Light Laptop,46999,4.3,844,103
160,Asus ROG Zephyrus G Ryzen 7 Quad Core 3750H - (16 GB/512 GB SSD/Windows 10 Home/6 GB Graphics/NVIDIA G...,74990,4.4,187,32
161,Avita Liber V14 Ryzen 5 Quad Core 3500U - (8 GB/512 GB SSD/Windows 10 Home) NS14A8INV562-UGA Thin and ...,38990,4.2,107,25
162,Lenovo Ideapad Flex 5 Core i5 10th Gen - (8 GB/512 GB SSD/Windows 10 Home) 14IIL05 2 in 1 Laptop,65990,4.5,122,26
163,MSI GF63 Thin Core i7 9th Gen - (8 GB/512 GB SSD/Windows 10 Home/4 GB Graphics/NVIDIA Geforce GTX 1650...,66990,4.5,677,103
164,Asus ROG Strix G Core i5 9th Gen - (8 GB/512 GB SSD/Windows 10 Home/4 GB Graphics/NVIDIA Geforce GTX 1...,69990,4.7,325,53
165,Microsoft Surface Pro 7 Core i5 10th Gen - (8 GB/128 GB SSD/Windows 10 Home) 1866 2 in 1 Laptop,83490,4.3,36,3
166,Lenovo Ideapad C340 Core i5 10th Gen - (8 GB/512 GB SSD/Windows 10 Home/2 GB Graphics) C340-14IML 2 in...,76990,4.4,25,4
167,Asus Core i7 10th Gen - (16 GB/1 TB SSD/Windows 10 Home/2 GB Graphics) UX481FL-HJ143TS Thin and Light ...,137989,,,
168,HP 15s Core i5 8th Gen - (8 GB/1 TB HDD/Windows 10 Home) 15s-du0051TU Thin and Light Laptop,62490,4.2,103,9
169,Lenovo Core i3 10th Gen - (4 GB/256 GB SSD/Windows 10 Home) V14-IIL Laptop,36693,4.3,13,1
170,Asus ROG Zephyrus S15 Core i7 10th Gen - (32 GB/1 TB SSD/Windows 10 Home/8 GB Graphics/NVIDIA Geforce ...,273990,,,
171,Asus VivoBook S14 Core i3 8th Gen - (8 GB/1 TB HDD/256 GB SSD/Windows 10 Home) S410UA-EB796T Laptop,53990,4.3,587,111
172,Acer Swift 3 Core i5 8th Gen - (8 GB/1 TB HDD/Linux) SF315-51 Laptop,45990,3.9,63,15
173,Asus ROG Zephyrus G Ryzen 7 Quad Core 3750H - (16 GB/512 GB SSD/Windows 10 Home/6 GB Graphics/NVIDIA G...,89990,4.8,5,1
174,Acer Aspire 7 Core i7 9th Gen - (8 GB/512 GB SSD/Windows 10 Home/4 GB Graphics/NVIDIA Geforce GTX 1650...,73990,4.5,123,27
175,Dell Inspiron 15 Core i3 10th Gen - (4 GB/1 TB HDD/Windows 10 Home) Inspiron 3593 Laptop,41607,4.5,6,2
176,Asus ZenBook 13 Core i5 8th Gen - (8 GB/256 GB SSD/Windows 10 Home) UX331UAL-EG002T Thin and Light Lap...,69990,4.5,505,94
177,Asus TUF Gaming Core i5 9th Gen - (8 GB/512 GB SSD/Windows 10 Home/4 GB Graphics/NVIDIA Geforce GTX 16...,64990,4.3,1401,204
178,Microsoft Surface Laptop 3 Ryzen 5 Quad Core 3580U - (8 GB/128 GB SSD/Windows 10 Home) 1873 Laptop,117990,4.8,6,0
179,Asus ZenBook Duo Core i5 10th Gen - (8 GB/512 GB SSD/Windows 10 Home/2 GB Graphics) UX481FL-BM5811T Th...,88990,4.1,21,3
180,Avita Liber Core i5 10th Gen - (8 GB/256 GB SSD/Windows 10 Home) NS14A8INF541-MB Thin and Light Laptop,36990,4.3,615,102
181,Asus ZenBook Flip 3 Core i7 8th Gen - (8 GB/512 GB SSD/Windows 10 Home) UX362FA-EL701T 2 in 1 Laptop,85031,3.0,5,1
182,Lenovo Ideapad Slim APU Dual Core A4 A4-9120E - (4 GB/64 GB EMMC Storage/Windows 10 Home) 1-14AST-05 T...,20990,3.6,1003,144
183,Lenovo IdeaPad Gaming 3i Core i7 10th Gen - (8 GB/1 TB HDD/256 GB SSD/Windows 10 Home/4 GB Graphics/NV...,82990,4.4,208,41
184,Alienware Core i7 9th Gen - (16 GB/1 TB SSD/Windows 10 Home/8 GB Graphics/NVIDIA Geforce RTX 2070) m15...,224990,,,
185,Dell Core i3 8th Gen - (4 GB/1 TB HDD/DOS) Latitude 3400 Business Laptop,42486,3.7,41,1
186,Microsoft Surface Pro X SQ1 Octa Core - (8 GB/128 GB SSD/Windows 10 Home) M1876 Laptop,93990,3.5,8,0
187,Dell XPS Core i7 10th Gen - (16 GB/512 GB SSD/Windows 10 Home/4 GB Graphics) XPS 9500 Laptop,200890,,,
188,Acer Aspire 5 Core i5 10th Gen - (8 GB/512 GB SSD/Windows 10 Home) A514-53-59U1 Thin and Light Laptop,57949,4.3,672,109
189,LG Gram 15 Core i5 10th Gen - (8 GB/256 GB SSD/Windows 10 Home) Gram 15Z90N Laptop,75990,4.4,5,1
190,Asus ROG Strix G Core i7 9th Gen - (8 GB/512 GB SSD/Windows 10 Home/4 GB Graphics/NVIDIA Geforce GTX 1...,82990,4.6,410,64
191,Dell Latitude 5300 Core i5 8th Gen - (8 GB/256 GB SSD/Windows 10 Pro) Latitude 5300 Laptop,74750,,,
192,LG Gram 15 Core i5 10th Gen - (8 GB/256 GB SSD/Windows 10 Home) Gram 15Z90N Laptop,75990,4.4,5,1
193,Dell Latitude 5300 Core i5 8th Gen - (8 GB/256 GB SSD/Windows 10 Pro) Latitude 5300 Laptop,74750,,,
194,Microsoft Surface Pro X SQ1 Octa Core - (8 GB/128 GB SSD/Windows 10 Home) M1876 Laptop,93990,3.5,8,0
195,Dell XPS Core i7 10th Gen - (16 GB/512 GB SSD/Windows 10 Home/4 GB Graphics) XPS 9500 Laptop,200890,,,
196,Asus Pentium Quad Core - (4 GB/1 TB HDD/Windows 10 Home) X543MA-GQ1020T Laptop,23990,3.9,705,104
197,Acer One 14 Pentium Dual Core - (4 GB/1 TB HDD/Windows 10 Home) Z2-485 Thin and Light Laptop,27420,4.1,401,49
198,Alienware Core i9 10th Gen - (32 GB/1 TB SSD/Windows 10 Home/8 GB Graphics/NVIDIA Geforce RTX 2080 wit...,344990,4.8,6,2
199,Asus ROG Zephyrus S Core i7 9th Gen - (24 GB/1 TB SSD/Windows 10 Home/8 GB Graphics/NVIDIA Geforce RTX...,184990,,,
200,Dell XPS Core i7 10th Gen - (16 GB/1 TB SSD/Windows 10 Home/4 GB Graphics) XPS 9700 Laptop,209590,,,
201,Lenovo Ideapad 520 Core i5 8th Gen - (4 GB/1 TB HDD/Windows 10 Home/2 GB Graphics) 520-15IKB Laptop,55139,4.7,3,1
202,HP Pavilion x360 Core i5 8th Gen - (8 GB/256 GB SSD/Windows 10 Home) 14-dh0043TU 2 in 1 Laptop,61990,4.5,97,16
203,HP Pavilion Gaming Core i5 10th Gen - (8 GB/1 TB HDD/256 GB SSD/Windows 10 Home/4 GB Graphics/NVIDIA G...,86290,,,
204,Mi Notebook Horizon Edition 14 Core i5 10th Gen - (8 GB/512 GB SSD/Windows 10 Home/2 GB Graphics) JYU4...,54999,4.3,186,30
205,Acer Nitro 5 Core i5 8th Gen - (8 GB/1 TB HDD/256 GB SSD/Windows 10 Home/4 GB Graphics/NVIDIA Geforce ...,64990,4.6,46,8
206,MSI GL65 Leopard Core i7 10th Gen - (16 GB/1 TB HDD/256 GB SSD/Windows 10 Home/6 GB Graphics/NVIDIA Ge...,114990,4.5,258,55
207,Apple MacBook Air Core i5 5th Gen - (8 GB/128 GB SSD/Mac OS Sierra) A1466,80900,4.6,4110,853
208,Lenovo Ideapad 720S Core i5 8th Gen - (8 GB/512 GB SSD/Windows 10 Home) 720S-13IKB Thin and Light Lapt...,74990,4.5,2,1
209,Apple MacBook Pro Core i5 8th Gen - (8 GB/512 GB SSD/Mac OS Mojave) MV972HN,169990,4.6,67,7
210,Dell Inspiron Core i5 7th Gen - (8 GB/1 TB HDD/Windows 10 Home/4 GB Graphics/NVIDIA Geforce GTX 1050) ...,64990,3.9,1096,221
211,Lenovo Ideapad S340 Core i5 10th Gen - (8 GB/512 GB SSD/Windows 10 Home) S340-14IIL Thin and Light Lap...,62990,4.4,7,0
212,Apple MacBook Pro Core i5 8th Gen - (8 GB/256 GB SSD/Mac OS Mojave) MUHP2HN/A,154990,4.6,135,27
213,Asus ZenBook Pro 15 Core i7 8th Gen - (16 GB/1 TB SSD/Windows 10 Home/4 GB Graphics) UX580GE-E2014T La...,175190,4.8,6,1
214,HP 15s Core i5 10th Gen - (8 GB/1 TB HDD/Windows 10 Home/2 GB Graphics) 15s-du1079TX Thin and Light La...,57990,4.1,121,16
215,Asus ZenBook Classic Core i5 10th Gen - (8 GB/512 GB SSD/Windows 10 Home/2 GB Graphics) UX434FL-A5822T...,85990,5.0,3,0
216,Asus ROG Strix G15 Core i7 10th Gen - (16 GB/1 TB SSD/Windows 10 Home/4 GB Graphics/NVIDIA Geforce GTX...,96990,4.5,108,20
217,Lenovo Ideapad L340 Core i5 9th Gen - (8 GB/1 TB HDD/Windows 10 Home/4 GB Graphics/NVIDIA Geforce GTX ...,54990,4.2,727,89
218,Dell XPS Core i7 10th Gen - (16 GB/1 TB SSD/Windows 10 Home/4 GB Graphics) XPS 9700 Laptop,257865,,,
219,Acer One 14 APU Dual Core A6 A6-7350B 7th Gen - (4 GB/1 TB HDD/Windows 10 Home) Z3-471 Thin and Light ...,33000,4.1,239,32
220,Acer ConceptD 5 Core i7 8th Gen - (16 GB/1 TB SSD/Windows 10 Home/4 GB Graphics) CN515-51 Thin and Lig...,113990,,,
221,MSI GF63 Thin Core i5 10th Gen - (8 GB/512 GB SSD/Windows 10 Home/4 GB Graphics/NVIDIA Geforce GTX 165...,82990,,,
222,HP Spectre x360 Core i5 10th Gen - (8 GB/512 GB SSD/Windows 10 Pro) 13-aw0211TU 2 in 1 Laptop,127990,,,
223,Asus Core i3 10th Gen - (4 GB/512 GB SSD/Windows 10 Home) X413JA-EK268T Thin and Light Laptop,40871,4.3,192,27
224,Asus ROG Zephyrus S17 Core i7 10th Gen - (16 GB/1 TB SSD/Windows 10 Home/6 GB Graphics/NVIDIA Geforce ...,183990,,,
225,HP Pavilion x360 Core i5 8th Gen - (8 GB + 16 GB Optane/1 TB HDD/Windows 10 Home/2 GB Graphics) 14-cd0...,72118,4.2,146,20
226,Asus Core i3 8th Gen - (4 GB/1 TB HDD/Windows 10 Home) X543UA-DM841T Laptop,33999,4.0,232,29
227,Nexstgo Core i5 8th Gen - (8 GB/256 GB SSD/Windows 10 Pro) NX101 Thin and Light Laptop,79990,,,
228,Lenovo Ideapad L340 Core i7 9th Gen - (8 GB/1 TB HDD/256 GB SSD/Windows 10 Home/4 GB Graphics/NVIDIA G...,70990,4.3,536,58
229,Apple MacBook Pro Core i9 9th Gen - (16 GB/1 TB SSD/Mac OS Catalina/4 GB Graphics) MVVM2HN/A,224900,4.1,21,1
230,Lenovo Ideapad S540 Core i5 10th Gen - (8 GB/1 TB HDD/256 GB SSD/Windows 10 Home/2 GB Graphics) S540-1...,69303,4.3,113,17
231,HP 15s Core i5 10th Gen - (8 GB/1 TB HDD/256 GB SSD/Windows 10 Home/2 GB Graphics) 15s-dr1000tx Thin a...,65990,4.4,493,68
232,Asus Celeron Dual Core - (4 GB/1 TB HDD/Windows 10 Home) X543MA-GQ497T Laptop,20990,4.1,610,113
233,Lenovo Ideapad S145 Core i3 8th Gen - (4 GB/256 GB SSD/Windows 10 Home) S145-15IKB Laptop,34990,4.2,167,27
234,Dell Inspiron 3000 Core i3 10th Gen - (4 GB/256 GB SSD/Windows 10 Home) 3493 Thin and Light Laptop,39990,4.1,243,38
235,Asus VivoBook 15 Core i5 8th Gen - (8 GB/1 TB HDD/Windows 10 Home/2 GB Graphics) X543UB-DM581T Laptop,46990,4.2,890,111
236,Acer Predator Helios 300 Core i5 10th Gen - (8 GB/1 TB HDD/256 GB SSD/Windows 10 Home/4 GB Graphics/NV...,79990,4.6,217,43
237,Lenovo Ideapad S145 Core i5 10th Gen - (8 GB/1 TB HDD/Windows 10 Home) S145-15IIL Laptop,44990,4.0,1528,181
238,Asus TUF Core i7 8th Gen - (8 GB/1 TB HDD/128 GB SSD/Windows 10 Home/4 GB Graphics/NVIDIA Geforce GTX ...,65990,4.5,202,37
239,HP Spectre x360 Core i7 10th Gen - (16 GB/1 TB SSD/Windows 10 Pro/4 GB Graphics) 15-eb0033tx 2 in 1 La...,233912,,,
240,Asus VivoBook S Series Core i5 8th Gen - (8 GB/1 TB HDD/256 GB SSD/Windows 10 Home) S430FA-EB039T Thin...,53990,4.4,14190,2016
241,Lenovo Ideapad 520 Core i5 8th Gen - (8 GB/2 TB HDD/Windows 10 Home/4 GB Graphics) 520-15IKB Laptop,79090,,,
242,Asus ZenBook 14 Core i7 11th Gen - (16 GB/512 GB SSD/Windows 10 Home) UX425EA-BM701TS Thin and Light L...,96990,3.9,7,2
243,Asus ZenBook 13 Core i5 8th Gen - (8 GB/512 GB SSD/Windows 10 Home) UX333FA-A4117T Thin and Light Lapt...,72990,4.5,15,2
244,Avita Pura Ryzen 5 Quad Core 3500U - (8 GB/512 GB SSD/Windows 10 Home in S Mode) NS14A6INV561-SHGYB Th...,32990,4.2,3948,796
245,Lenovo Ideapad S540 Core i5 10th Gen - (8 GB/512 GB SSD/Windows 10 Home/2 GB Graphics) S540-13IML Thin...,99490,4.3,4,0
246,Asus ROG Zephyrus S17 Core i7 10th Gen - (32 GB/1 TB SSD/Windows 10 Home/8 GB Graphics/NVIDIA Geforce ...,282990,,,
247,MSI GP65 Leopard Core i7 10th Gen - (32 GB/1 TB HDD/512 GB SSD/Windows 10 Home/8 GB Graphics/NVIDIA Ge...,149990,4.5,97,22
248,Lenovo Ideapad S145 Core i3 7th Gen - (4 GB/1 TB HDD/Windows 10 Home/512 MB Graphics) 81VD00EFIN Lapto...,33999,,,
249,Asus ZenBook Core i7 10th Gen - (16 GB/1 TB SSD/Windows 10 Home) UX325JA-EG137TS Thin and Light Laptop,106990,4.8,11,2
250,Microsoft Surface Pro 6 Core i7 8th Gen - (8 GB/256 GB SSD/Windows 10 Home) 1796 2 in 1 Laptop,127990,,,
251,Dell Latitude 3400 Core i5 8th Gen - (8 GB/1 TB HDD/Windows 10 Pro) Latitude 3400 Laptop,78497,5.0,3,0
252,Apple MacBook Pro with Touch Bar Core i5 8th Gen - (8 GB/512 GB SSD/Mac OS Catalina) MXK52HN/A,142990,4.9,66,11
253,Acer Aspire 5 Core i5 8th Gen - (8 GB + 16 GB Optane/1 TB HDD/Windows 10 Home/2 GB Graphics) A515-52G-...,61990,4.1,112,27
254,HP Envy Core i5 10th Gen - (16 GB/512 GB SSD/Windows 10 Home/4 GB Graphics) 15-ep0011TX Laptop,113000,,,
255,HP Spectre x360 Core i5 10th Gen - (16 GB/512 GB SSD/Windows 10 Pro/4 GB Graphics) 15-eb0014tx 2 in 1 ...,210520,,,
256,Apple MacBook Air Core i5 10th Gen - (8 GB/512 GB SSD/Mac OS Catalina) MVH42HN/A,122990,4.5,215,15
257,Avita Liber Core i5 8th Gen - (8 GB/256 GB SSD/Windows 10 Home) NS13A2IN199P Thin and Light Laptop,38990,4.2,392,68
258,Asus ExpertBook P2 Core i7 10th Gen - (8 GB/1 TB HDD/DOS/2 GB Graphics) ExpertBook P2 P2451FB Thin and...,75990,,,
259,Acer Aspire 5 Core i3 10th Gen - (4 GB + 32 GB Optane/512 GB SSD/Windows 10 Home) A514-53-316M Thin an...,39990,4.3,415,54
260,Lenovo Yoga Slim 7 Core i7 10th Gen - (8 GB/512 GB SSD/Windows 10 Home/2 GB Graphics) 14IIL05 Thin and...,91990,5.0,4,2
261,Lenovo Ideapad S145 Ryzen 5 Quad Core 3500U - (8 GB/1 TB HDD/Windows 10 Home) S145-15API Laptop,43899,4.1,218,32
262,Microsoft Surface Pro 7 Core i5 10th Gen - (8 GB/256 GB SSD/Windows 10 Home) 1866 2 in 1 Laptop,117990,,,
263,MSI Modern 14 Core i7 10th Gen - (8 GB/512 GB SSD/Windows 10 Home/2 GB Graphics) Modern 14 A10RAS-1069...,79990,4.8,26,6
264,Asus ZenBook 14 Core i7 8th Gen - (8 GB/512 GB SSD/Windows 10 Home) UX433FA-A6111T Thin and Light Lapt...,85990,4.4,14,0
265,Asus VivoBook Gaming (2020) Core i7 10th Gen - (16 GB/512 GB SSD/Windows 10 Home/4 GB Graphics/NVIDIA ...,81990,4.5,62,11
266,Asus ZenBook Duo Core i5 10th Gen - (8 GB/512 GB SSD/Windows 10 Home/2 GB Graphics) UX481FL-B5811T Thi...,90990,4.6,63,16
267,Asus EeeBook 12 Celeron Dual Core - (4 GB/64 GB EMMC Storage/Windows 10 Home) E203NA-FD164T Thin and L...,17990,3.9,501,73
268,HP Ryzen 3 Quad Core 3300U - (4 GB/1 TB HDD/Windows 10 Home) G7 245 Thin and Light Laptop,29490,4.0,142,14
269,Avita Pura Ryzen 5 Quad Core 3500U - (8 GB/512 GB SSD/Windows 10 Home in S Mode) NS14A6INV561-SGGYB Th...,32990,4.2,3948,796
270,MSI Prestige 14 Core i7 10th Gen - (16 GB/512 GB SSD/Windows 10 Home/2 GB Graphics) Prestige 14 A10RAS...,92990,4.0,33,5
271,Acer Swift 5 Core i5 8th Gen - (8 GB/256 GB SSD/Windows 10 Home) SF514-52T Thin and Light Laptop,64990,4.0,14,3
272,Asus ROG Strix G15 Core i7 10th Gen - (16 GB/1 TB SSD/Windows 10 Home/6 GB Graphics/NVIDIA Geforce RTX...,124990,4.5,156,27
273,Dell Core i5 5th Gen - (8 GB/1 TB HDD/Windows 10 Home/4 GB Graphics) 7548 Laptop,69500,1.6,23,6
274,Asus VivoBook Gaming Core i5 8th Gen - (8 GB/512 GB SSD/Windows 10 Home/4 GB Graphics/NVIDIA Geforce G...,58000,4.4,2240,381
275,Lenovo Ideapad 3 Core i5 10th Gen - (8 GB/1 TB HDD/Windows 10 Home) 15IIL05 Laptop,48990,4.1,337,43
276,Apple MacBook Pro with Touch Bar Core i5 8th Gen - (8 GB/256 GB SSD/Mac OS Catalina) MXK62HN/A,122990,4.7,37,9
277,Lenovo APU Dual Core A6 A6-9225 - (4 GB/1 TB HDD/Windows 10 Home) V145 Laptop,25999,3.9,65,11
278,Lenovo Ideapad S340 Core i3 10th Gen - (8 GB/256 GB SSD/Windows 10 Home) S340-14IIL Thin and Light Lap...,42490,4.4,231,42
279,Asus ZenBook 13 Core i7 8th Gen - (8 GB/512 GB SSD/Windows 10 Home) UX333FA-A4175T Thin and Light Lapt...,81351,4.6,5,0
280,Lenovo Ideapad S145 Core i5 10th Gen - (8 GB/1 TB HDD/Windows 10 Home) S145-15IIL Laptop,42990,3.9,745,80
281,HP 14c Core i5 10th Gen - (8 GB/128 GB EMMC Storage/Chrome OS) 14c-ca0009TU 2 in 1 Laptop,65990,,,
282,Asus VivoBook 15 Core i5 10th Gen - (8 GB/1 TB HDD/Windows 10 Home) X509JA-BQ840T Laptop,50990,,,
283,Asus TUF Gaming A17 Ryzen 5 Hexa Core 4600H - (8 GB/1 TB HDD/Windows 10 Home/4 GB Graphics/NVIDIA Gefo...,59990,4.4,88,24
284,Asus ExpertBook P2 Core i7 10th Gen - (8 GB/1 TB HDD/Windows 10 Pro/2 GB Graphics) ExpertBook P2 P2451...,93990,,,
285,Asus ZenBook Core i5 10th Gen - (8 GB/512 GB SSD/Windows 10 Home) UX325JA-EG135TS Thin and Light Lapto...,80990,4.8,4,1
286,Asus Core i3 10th Gen - (4 GB/512 GB SSD/Windows 10 Home) X413JA-EK261T Thin and Light Laptop,38990,4.2,279,46
287,Dell Inspiron Ryzen 5 Quad Core 3500U - (8 GB/512 GB SSD/Windows 10 Home) Inspiron 3505 Laptop,46990,3.7,368,67
288,Dell Inspiron Ryzen 5 Quad Core 3500U - (8 GB/512 GB SSD/Windows 10 Home) Inspiron 3505 Laptop,46990,3.7,368,67
289,MSI GS66 Stealth Core i7 10th Gen - (32 GB/1 TB SSD/Windows 10 Home/8 GB Graphics/NVIDIA Geforce RTX 2...,254990,,,
290,Asus ROG Strix G Core i5 9th Gen - (16 GB/1 TB SSD/Windows 10 Home/6 GB Graphics/NVIDIA Geforce GTX 16...,94990,4.6,25,3
291,Asus ZenBook 13 Core i5 8th Gen - (8 GB/512 GB SSD/Windows 10 Home) UX331UAL-EG011T Thin and Light Lap...,75990,4.4,293,43
292,MSI Core i7 8th Gen - (16 GB/1 TB HDD/256 GB SSD/Windows 10 Home/6 GB Graphics/NVIDIA Geforce RTX 2060...,158990,,,
293,MSI Stealth Core i7 8th Gen - (16 GB/512 GB SSD/Windows 10 Home/6 GB Graphics/NVIDIA Geforce RTX 2060)...,189990,4.8,5,1
294,Lenovo Ideapad 330s Core i5 8th Gen - (4 GB/1 TB HDD/Windows 10 Home/4 GB Graphics) 330S-15IKB Thin an...,62594,4.0,21,5
295,Nexstgo Core i5 8th Gen - (16 GB/512 GB SSD/Windows 10 Pro) NX101 Thin and Light Laptop,97990,,,
296,Avita Liber Core i5 7th Gen - (8 GB/512 GB SSD/Windows 10 Home) NS13A1IN014P Thin and Light Laptop,52990,,,
297,Asus Core i7 10th Gen - (16 GB/1 TB SSD/Windows 10 Home/2 GB Graphics) UX481FL-BM149T Thin and Light L...,124741,4.0,6,0
298,Asus ExpertBook B9 Core i5 10th Gen - (8 GB/512 GB SSD/Windows 10 Pro) ExpertBook B9 B9450FA Thin and ...,132790,,,
299,Lenovo Legion 5i Core i5 10th Gen - (8 GB/1 TB HDD/256 GB SSD/Windows 10/4 GB Graphics/NVIDIA Geforce ...,89890,,,
300,Apple MacBook Air Core i5 10th Gen - (8 GB/512 GB SSD/Mac OS Catalina) MVH52HN/A,118990,4.5,215,15
301,Avita Liber Core i5 10th Gen - (8 GB/256 GB SSD/Windows 10 Home) NS14A8INF541-SG Thin and Light Laptop,36990,4.3,615,102
302,Lenovo Ideapad S145 Core i3 10th Gen - (8 GB/1 TB HDD/Windows 10 Home) S145-15IIL Thin and Light Lapto...,39990,4.2,201,31
303,Asus ExpertBook P2 Core i5 10th Gen - (8 GB/512 GB SSD/DOS/2 GB Graphics) ExpertBook P2 P2451FB Thin a...,69990,,,
304,Acer Nitro 5 Core i7 10th Gen - (8 GB/1 TB HDD/256 GB SSD/Windows 10 Home/4 GB Graphics/NVIDIA Geforce...,79990,3.0,3,0
305,Dell Latitude 3400 Core i3 8th Gen - (4 GB/1 TB HDD/Windows 10 Pro) Latitude 3400 Laptop,57860,,,
306,Dell Inspiron Core i3 11th Gen - (4 GB/256 GB SSD/Windows 10 Home) Inspiron 5406 2 in 1 Laptop,51890,,,
307,HP Envy Core i5 10th Gen - (8 GB/512 GB SSD/Windows 10 Home) 13-ba0003tu Thin and Light Laptop,75990,4.0,13,4
308,Acer ConceptD 5 Core i5 8th Gen - (16 GB/1 TB SSD/Windows 10 Home/4 GB Graphics) CN515-51 Thin and Lig...,114990,,,
309,Acer Predator 17 Core i7 7th Gen - (16 GB/2 TB HDD/256 GB SSD/Windows 10 Home/8 GB Graphics/NVIDIA Gef...,186555,,,
310,Dell Inspiron Core i3 10th Gen - (8 GB/1 TB HDD/Windows 10 Home) Inspiron 3593 Laptop,39990,3.9,16,1
311,Asus ZenBook 14 Core i5 8th Gen - (8 GB/512 GB SSD/Windows 10 Home) UX433FA-A6106T Thin and Light Lapt...,74910,4.4,7,0
312,Lenovo Ideapad S145 Core i3 10th Gen - (8 GB/256 GB SSD/Windows 10 Home) S145-15IIL Laptop,38990,4.0,210,36
313,Dell G5 15 SE Ryzen 5 Hexa Core 4600H - (8 GB/512 GB SSD/Windows 10 Home/6 GB Graphics/AMD Radeon RX 5...,77990,4.4,182,50
314,Lenovo T490 Core i5 10th Gen - (8 GB/512 GB SSD/Windows 10 Pro) T490 Business Laptop,109999,,,
315,Dell Inspiron Core i3 10th Gen - (4 GB/1 TB HDD/Windows 10 Home) Inspiron 3593 Laptop,39107,3.9,58,6
316,MSI GE Core i7 8th Gen - (16 GB/1 TB HDD/512 GB SSD/Windows 10 Home/8 GB Graphics/NVIDIA Geforce GTX 1...,179990,4.8,12,1
317,Asus ZenBook 13 Core i7 8th Gen - (8 GB/512 GB SSD/Windows 10 Home) UX333FA-A4116T Thin and Light Lapt...,82990,4.5,29,3
318,Asus ROG Strix G15 Core i7 10th Gen - (16 GB/1 TB SSD/Windows 10 Home/6 GB Graphics/NVIDIA Geforce GTX...,109990,4.4,33,3
319,Lenovo Ideapad S340 Core i3 10th Gen - (8 GB/1 TB HDD/Windows 10 Home) S340-14IIL Thin and Light Lapto...,57990,4.8,5,0
320,Asus ZenBook Classic Core i5 10th Gen - (8 GB/512 GB SSD/Windows 10 Home/2 GB Graphics) UX334FL-A5822T...,84990,,,
321,Acer Swift 7 Core i5 7th Gen - (8 GB/256 GB SSD/Windows 10 Home) SF713-51 Thin and Light Laptop,69990,4.5,37,4
322,HP Chromebook 14a Celeron Dual Core - (4 GB/64 GB EMMC Storage/Chrome OS) 14a-na0003tu Thin and Light ...,26990,3.7,148,18
323,Dell Inspiron Core i3 10th Gen - (8 GB/1 TB HDD/Windows 10 Home) Inspiron 3593 Laptop,43000,4.2,415,46
324,Acer Spin 7 Core i7 7th Gen - (8 GB/256 GB SSD/Windows 10 Home) SP714-51 Laptop,119990,4.0,1,1
325,Avita Pura Ryzen 5 Quad Core 3500U - (8 GB/512 GB SSD/Windows 10 Home in S Mode) NS14A6INV561-MEGYB Th...,32990,4.2,3948,796
326,Avita Pura Ryzen 5 Quad Core 3500U - (8 GB/512 GB SSD/Windows 10 Home in S Mode) NS14A6INV561-PDGYB Th...,32990,4.2,3948,796
327,MSI GL Core i7 7th Gen - (8 GB/1 TB HDD/DOS/2 GB Graphics/NVIDIA Geforce GTX 1050) GL62M 7RDX-1878XIN ...,79257,3.5,6,1
328,Avita Liber V14 Ryzen 5 Quad Core 3500U - (8 GB/512 GB SSD/Windows 10 Home) NS14A8INV561-IBA Thin and ...,39990,4.3,463,120
329,HP Envy x360 Ryzen 5 Hexa Core 4500U - (8 GB/512 GB SSD/Windows 10 Pro) 13-ay0078AU 2 in 1 Laptop,92990,,,
330,HP Core i7 9th Gen - (16 GB/1 TB HDD/256 GB SSD/Windows 10 Pro/4 GB Graphics) ZBook 15v G5 Mobile Work...,132270,,,
331,iBall CompBook Pentium Quad Core - (4 GB/32 GB EMMC Storage/Windows 10 Home) Premio v3.0 Laptop,13990,3.8,1192,214
332,Lenovo Ideapad 3 Ryzen 5 Quad Core 3500U 10th Gen - (4 GB/1 TB HDD/128 GB SSD/Windows 10 Home) 15ADA T...,48993,,,
333,HP Omen Core i7 10th Gen - (16 GB/1 TB SSD/Windows 10 Home/8 GB Graphics/NVIDIA Geforce RTX 2070 with ...,177990,,,
334,Lenovo Ideapad S145 Core i3 8th Gen - (4 GB/1 TB HDD/Windows 10 Home) 81VD Ideapad S145-15IKB U Laptop,33990,3.9,396,59
335,Alienware Core i7 10th Gen - (16 GB/512 GB SSD/Windows 10 Home/6 GB Graphics/NVIDIA Geforce GTX 1660 T...,199990,4.9,9,0
336,Avita Pura Ryzen 5 Quad Core 3500U - (8 GB/512 GB SSD/Windows 10 Home in S Mode) NS14A6INV561-MEGYB Th...,32990,4.2,3948,796
337,Acer Spin 7 Core i7 7th Gen - (8 GB/256 GB SSD/Windows 10 Home) SP714-51 Laptop,119990,4.0,1,1
338,Avita Pura Ryzen 5 Quad Core 3500U - (8 GB/512 GB SSD/Windows 10 Home in S Mode) NS14A6INV561-PDGYB Th...,32990,4.2,3948,796
339,HP Envy x360 Ryzen 5 Hexa Core 4500U - (8 GB/512 GB SSD/Windows 10 Pro) 13-ay0078AU 2 in 1 Laptop,92990,,,
340,HP Core i7 9th Gen - (16 GB/1 TB HDD/256 GB SSD/Windows 10 Pro/4 GB Graphics) ZBook 15v G5 Mobile Work...,132270,,,
341,MSI GL Core i7 7th Gen - (8 GB/1 TB HDD/DOS/2 GB Graphics/NVIDIA Geforce GTX 1050) GL62M 7RDX-1878XIN ...,79257,3.5,6,1
342,Avita Liber V14 Ryzen 5 Quad Core 3500U - (8 GB/512 GB SSD/Windows 10 Home) NS14A8INV561-IBA Thin and ...,39990,4.3,463,120
343,iBall CompBook Pentium Quad Core - (4 GB/32 GB EMMC Storage/Windows 10 Home) Premio v3.0 Laptop,13990,3.8,1192,214
344,Lenovo Ideapad 3 Ryzen 5 Quad Core 3500U 10th Gen - (4 GB/1 TB HDD/128 GB SSD/Windows 10 Home) 15ADA T...,48993,,,
345,Alienware Core i7 10th Gen - (16 GB/512 GB SSD/Windows 10 Home/6 GB Graphics/NVIDIA Geforce GTX 1660 T...,199990,4.9,9,0
346,Dell Inspiron Core i3 10th Gen - (4 GB/1 TB HDD/Windows 10 Home) Inspiron 3501 Laptop,37990,3.7,35,1
347,HP Pavilion Core i5 10th Gen - (8 GB/1 TB HDD/256 GB SSD/Windows 10/2 GB Graphics) 15-cs3006tx Laptop,66990,4.3,169,23
348,MSI GE75 Raider Core i9 10th Gen - (32 GB/1 TB HDD/512 GB SSD/Windows 10 Home/8 GB Graphics/NVIDIA Gef...,249990,,,
349,HP Core i3 10th Gen - (4 GB/1 TB HDD/Windows 10 Home) 1S5F1PA Laptop,39643,3.9,48,5
350,LG Gram 17 Core i7 10th Gen - (8 GB/512 GB SSD/Windows 10 Home) Gram 17Z90N Laptop,99990,4.8,27,12
351,Mi Core i5 10th Gen - (8 GB/512 GB SSD/Windows 10 Home/2 GB Graphics) JYU4244IN Thin and Light Laptop,49999,4.2,18,4
352,Acer Core i7 6th Gen - (16 GB/1 TB HDD/128 GB SSD/Windows 10 Home/4 GB Graphics/NVIDIA Geforce GTX 980...,179990,,,
353,MSI GL Core i7 7th Gen - (8 GB/1 TB HDD/Windows 10 Home/4 GB Graphics/NVIDIA Geforce GTX 1050) GL62 7R...,95990,,,
354,MSI Core i7 7th Gen - (16 GB/1 TB HDD/256 GB SSD/Windows 10 Home/8 GB Graphics/NVIDIA Geforce GTX 1070...,185990,4.2,6,3
355,Asus ExpertBook P2 Core i5 10th Gen - (8 GB/1 TB HDD/DOS/2 GB Graphics) ExpertBook P2 P2451FB Thin and...,69290,,,
356,Acer Nitro 5 Ryzen 5 Quad Core 2500U - (8 GB/1 TB HDD/Windows 10 Home/4 GB Graphics/AMD Radeon RX 560X...,53990,4.4,2870,463
357,Acer Predator Helios 300 Core i5 7th Gen - (8 GB/1 TB HDD/128 GB SSD/Windows 10 Home/4 GB Graphics/NVI...,129999,4.5,3233,698
358,Avita Pura Ryzen 5 Quad Core 3500U - (8 GB/512 GB SSD/Windows 10 Home in S Mode) NS14A6INV561-SWGYB Th...,32990,4.2,3948,796
359,LG Gram 14 Core i5 10th Gen - (8 GB/256 GB SSD/Windows 10 Home) Gram 14Z90N Laptop,64990,4.5,10,4
360,LG Gram 14 Core i5 10th Gen - (8 GB/256 GB SSD/Windows 10 Home) Gram 14Z90N Laptop,64990,4.5,10,4
361,Avita Magus Lite Celeron Dual Core - (4 GB/64 GB EMMC Storage/Windows 10 Home) NS12T5IN006P 2 in 1 Lap...,17990,3.9,1961,327
362,HP Envy Core i7 10th Gen - (16 GB/1 TB SSD/Windows 10 Home/6 GB Graphics) 15-ep0123TX Laptop,143990,3.2,5,2
363,Asus ExpertBook P1 Core i5 10th Gen - (8 GB/1 TB HDD/Windows 10 Pro) ExpertBook P1 P1440FA Thin and Li...,62699,,,
364,HP EliteBook 840 G7 Core i7 10th Gen - (8 GB/512 GB SSD/Windows 10 Pro) EliteBook 840 G7 Notebook PC B...,125648,,,
365,Lenovo Ideapad S340 Core i5 10th Gen - (8 GB/1 TB HDD/256 GB SSD/Windows 10 Home/2 GB Graphics) S340-1...,62990,4.2,137,22
366,Asus ExpertBook P1 Core i5 10th Gen - (4 GB/1 TB HDD/Windows 10 Pro) ExpertBook P1 P1440FA Thin and Li...,61249,,,
367,Dell Latitude Series Core i3 8th Gen - (4 GB/1 TB HDD/Ubuntu) 3400 Laptop,42486,4.2,22,2
368,Microsoft Surface Pro 7 Core i3 10th Gen - (4 GB/128 GB SSD/Windows 10 Home) M1866 2 in 1 Laptop,69990,5.0,5,2
369,HP 250 G7 Core i3 10th Gen - (4 GB/512 GB SSD/Windows 10 Home) 22A67PA Laptop,40689,4.2,177,17
370,Acer Aspire 5 Core i5 8th Gen - (8 GB/1 TB HDD/Windows 10 Home/2 GB Graphics) A515-52G Thin and Light ...,61990,4.2,67,22
371,Dell Inspiron 3000 Core i3 10th Gen - (4 GB/1 TB HDD/Windows 10 Home) Inspiron 3593 Laptop,40590,3.6,105,16
372,HP 15s Core i3 10th Gen - (4 GB/1 TB HDD/Windows 10 Home) 15s-du2009TU Thin and Light Laptop,43296,4.1,329,41
373,HP Spectre x360 Core i5 8th Gen - (8 GB/256 GB SSD/Windows 10 Pro) 13-ap0121TU 2 in 1 Laptop,151133,,,
374,Avita Liber Core i5 8th Gen - (8 GB/256 GB SSD/Windows 10 Home) NS13A2IN201P Thin and Light Laptop,39990,4.2,392,68
375,HP 15 Ryzen 5 Hexa Core 4600H - (16 GB/512 GB SSD/Windows 10 Home/6 GB Graphics/NVIDIA Geforce GTX 166...,104990,,,
376,MSI GF63 Thin Core i5 9th Gen - (8 GB/512 GB SSD/Windows 10 Home/4 GB Graphics/NVIDIA Geforce GTX 1650...,59990,4.3,228,41
377,HP Pavilion x360 Core i5 10th Gen - (8 GB/256 GB SSD/Windows 10 Home) 14-dh1010TU 2 in 1 Laptop,78838,4.5,102,8
378,Dell G5 15 SE Ryzen 7 Octa Core 4800H - (16 GB/512 GB SSD/Windows 10 Home/6 GB Graphics/AMD Radeon RX ...,89990,4.3,56,5
379,HP 15 Core i7 8th Gen - (8 GB/1 TB HDD/128 GB SSD/Windows 10 Home/4 GB Graphics) 15-dc0082TX Laptop,116941,,,
380,Acer ConceptD 5 Core i5 8th Gen - (8 GB/512 GB SSD/Windows 10 Home/4 GB Graphics) CN515-51 Thin and Li...,79990,,,
381,Acer Swift 3 Athlon Dual Core 300U - (4 GB/1 TB HDD/Windows 10 Home) SF314-41 Thin and Light Laptop,34290,4.1,271,41
382,Asus ZenBook 13 Core i5 8th Gen - (8 GB/512 GB SSD/Windows 10 Home) UX333FA-A4118T Thin and Light Lapt...,72990,4.5,15,2
383,Lenovo V145-AMD-A6 APU Dual Core A6 - (4 GB/1 TB HDD/Windows 10 Home) 81MTA000IH Laptop,30190,3.9,201,24
384,Lenovo Ideapad S145 Core i3 8th Gen - (4 GB/1 TB HDD/Windows 10 Home) 81VD Ideapad S145-15IKB U Laptop,37990,4.0,620,88
385,Lenovo Ideapad S340 Core i5 10th Gen - (8 GB/512 GB SSD/Windows 10 Home/2 GB Graphics) S340-14IILD Thi...,63990,,,
386,HP Omen Core i5 7th Gen - (8 GB/1 TB HDD/128 GB SSD/Windows 10 Home/4 GB Graphics/NVIDIA Geforce GTX 1...,102551,,,
387,HP Omen Core i5 10th Gen - (8 GB/512 GB SSD/Windows 10 Home/4 GB Graphics/NVIDIA Geforce GTX 1650) 15-...,77990,4.3,30,6
388,Avita Liber Core i5 10th Gen - (8 GB/256 GB SSD/Windows 10 Home) NS14A8INF541-CS Thin and Light Laptop,36990,4.3,615,102
389,Dell Inspiron 5000 Core i3 10th Gen - (4 GB/256 GB SSD/Windows 10 Home) 5491 2 in 1 Laptop,47730,4.3,127,29
390,Lenovo APU Dual Core A6 A6-9225 - (4 GB/1 TB HDD/DOS) V145 Laptop,22990,3.5,54,3
391,Dell Inspiron 15 7000 Series Core i5 8th Gen - (8 GB/1 TB HDD/128 GB SSD/Windows 10 Home/2 GB Graphics...,79990,,,
392,Lenovo thinkpad E series Core i3 10th Gen - (4 GB/1 TB HDD/DOS) E14 Business Laptop,37999,4.2,20,1
393,Dell Inspiron Core i5 10th Gen - (8 GB/512 GB SSD/Windows 10 Home/2 GB Graphics) Inspiron 5501 Thin an...,71990,4.4,60,7
394,Asus ROG Zephyrus G14 Ryzen 9 Octa Core 4900HS - (32 GB/1 TB SSD/Windows 10 Home/6 GB Graphics/NVIDIA ...,199990,,,
395,Asus ZenBook 13 Core i5 8th Gen - (8 GB/256 GB SSD/Windows 10 Home) UX331FAL-EG075T Thin and Light Lap...,54990,4.4,171,33
396,Avita Pura Ryzen 5 Quad Core 3500U - (8 GB/512 GB SSD/Windows 10 Home in S Mode) NS14A6INV561-SRGYB Th...,32990,4.2,3948,796
397,Lenovo Core i5 7th Gen - (8 GB/1 TB HDD/Windows 10 Home/4 GB Graphics) IP 520 Laptop,64715,4.0,57,21
398,Asus ExpertBook B9 Core i7 10th Gen - (16 GB/2 TB SSD/Windows 10 Pro) ExpertBook B9 B9450FA Thin and L...,233990,,,
399,Lenovo Yoga C640 Core i5 10th Gen - (8 GB/512 GB SSD/Windows 10 Home) C640-13IML 2 in 1 Laptop,84999,,,
400,Lenovo Ideapad S145 Core i3 10th Gen - (4 GB/1 TB HDD/DOS) S145-15IIL Laptop,31039,3.7,230,45
401,Avita Magus Lite Celeron Dual Core - (4 GB/64 GB EMMC Storage/Windows 10 Home) NS12T5IN005P 2 in 1 Lap...,17990,3.9,1961,327
402,Asus VivoBook 14 Core i5 8th Gen - (8 GB/512 GB SSD/Windows 10 Home) X412FA-EK230T Thin and Light Lapt...,54990,4.4,2240,300
403,Asus VivoBook S14 Core i7 8th Gen - (8 GB/1 TB HDD/256 GB SSD/Windows 10 Home/2 GB Graphics) S430FN-EB...,79990,4.4,956,166
404,HP Ryzen 5 Quad Core NA - (4 GB/1 TB HDD/DOS) 245 G7 Thin and Light Laptop,31990,3.8,141,33
405,Asus Core i9 10th Gen - (32 GB/1 TB SSD/Windows 10 Home/6 GB Graphics/NVIDIA Geforce RTX 2060) UX581LV...,269990,,,
406,Lenovo B50-70 Notebook (4th Gen Ci5/ 8GB/ 1TB/ Win8/ 2GB Graph) (59-427747),52490,3.8,77,16
407,Asus ZenBook Core i5 8th Gen - (8 GB/256 GB SSD/Windows 10 Home) UX430UA-GV307T Thin and Light Laptop,54990,4.2,161,29
408,HP Pavilion 15-CS Core i5 8th Gen - (8 GB/1 TB HDD/Windows 10 Home/2 GB Graphics) 15-cs1000tx Laptop,64990,4.3,24,3
409,Lenovo ThinkPad E14 Core i5 10th Gen - (8 GB/512 GB SSD/Windows 10 Pro) ThinkPad E14 Laptop,85500,,,
410,HP G4 Core i7 7th Gen - (16 GB/1 TB SSD/8 GB EMMC Storage/Windows 10 Pro) EliteBook 1040 G4 Laptop,245999,,,
411,Dell G3 Core i5 9th Gen - (8 GB/512 GB SSD/Windows 10 Home/4 GB Graphics/NVIDIA Geforce GTX 1650) G3 3...,75000,4.3,208,38
412,Lenovo Core i7 7th Gen - (8 GB/256 GB SSD/Windows 10 Home) IP 720S Thin and Light Laptop,99600,2.3,4,0
413,HP Chromebook x360 Core i3 8th Gen - (8 GB/64 GB EMMC Storage/Chrome OS) 14-da0003TU 2 in 1 Laptop,51297,4.2,30,7
414,HP ProBook Core i3 7th Gen - (4 GB/500 GB HDD/Windows 10 Pro) 440 Business Laptop,61715,2.8,4,2
415,HP DA Core i3 7th Gen - (8 GB/1 TB HDD/Windows 10 Home/2 GB Graphics) DA0070TX Laptop,49279,4.5,38,3
416,HP OMEN Core i7 7th Gen - (8 GB/1 TB HDD/128 GB SSD/Windows 10 Home/4 GB Graphics/NVIDIA Geforce GTX 1...,103828,4.1,15,5
417,HP 15 Core i5 8th Gen - (8 GB/1 TB HDD/DOS/2 GB Graphics) 15-da0077tx Laptop,55729,4.3,230,29
418,COCONICS Core i3 7th Gen - (4 GB/500 GB HDD/Windows 10 Pro) CNBIC-AA01-4GB RAM Laptop,39450,,,
419,HP 14q Core i3 7th Gen - (4 GB/256 GB SSD/Windows 10 Home) 14q-cs0019TU Thin and Light Laptop,37990,4.2,29,7
420,HP 250-G6 Core i5 7th Gen - (4 GB/1 TB HDD/DOS/2 GB Graphics) 2RC10PA Laptop,46200,4.2,45,6
421,HP 15q Core i3 7th Gen - (4 GB/1 TB HDD/DOS) 15q-ds0015tu Laptop,32955,4.2,302,27
422,AGB Octev Core i7 7th Gen - (32 GB/1 TB HDD/512 GB SSD/Windows 10 Pro/2 GB Graphics/NVIDIA Geforce GTX...,96999,,,
423,AGB Octev Core i7 7th Gen - (16 GB/1 TB HDD/512 GB SSD/Windows 10/2 GB Graphics/NVIDIA Geforce GTX 950...,86000,,,
424,HP Pavilion Gaming 16 Core i5 10th Gen - (8 GB/1 TB HDD/256 GB SSD/Windows 10 Home/4 GB Graphics/NVIDI...,94000,4.5,13,2
425,Lenovo Legion Core i7 7th Gen - (8 GB/1 TB HDD/128 GB SSD/Windows 10 Home/4 GB Graphics/NVIDIA Geforce...,104000,4.4,206,58
426,Dell Inspiron Core i5 11th Gen - (8 GB/1 TB SSD/Windows 10 Home) Inspiron 5301 Thin and Light Laptop,87990,,,
427,HP G4 APU Dual Core A9 A9-9410 7th Gen - (4 GB/500 GB HDD/Windows 10 Home) 455 G4 Laptop,58800,4.0,7,1
428,Lenovo Ideapad 330 Core i3 8th Gen - (4 GB/1 TB HDD/Windows 10 Home/512 MB Graphics) Ideapad 330 Lapto...,42000,4.1,40,4
429,Lenovo Ideapad S340 Core i3 10th Gen - (4 GB/1 TB HDD/Windows 10 Home) S340-14IIL Thin and Light Lapto...,51600,3.6,29,4
430,Lenovo Z50 Notebook (4th Gen Ci5/ 4GB/ 1TB/ Free DOS) (59-442264),42000,4.2,5,1
431,Lenovo Core i5 10th Gen - (8 GB/256 GB SSD/Windows 10 Pro) ThinkBook 14 Thin and Light Laptop,74900,,,
432,Acer P2 Series Core i5 10th Gen - (8 GB/1 TB HDD/Windows 10 Home) TMP214-52 Thin and Light Laptop,50990,4.0,170,35
433,Asus ExpertBook B9 Core i7 10th Gen - (16 GB/1 TB SSD/Windows 10 Pro) ExpertBook B9 B9450FA Thin and L...,167990,,,
434,Dell G5 15 SE Ryzen 5 Hexa Core 4600H - (8 GB/512 GB SSD/Windows 10 Home/6 GB Graphics/AMD Radeon RX 5...,74990,3.7,65,19
435,Asus ROG Strix G15 Core i5 10th Gen - (8 GB/512 GB SSD/Windows 10 Home/4 GB Graphics/NVIDIA Geforce GT...,79990,4.5,190,25
436,HP 245 G7 Ryzen 5 Quad Core 2500U - (8 GB/1 TB HDD/Windows 10 Pro) 245 G7 Thin and Light Laptop,41990,3.6,8,1
437,Lenovo Ideapad Flex 5 Core i3 10th Gen - (4 GB/256 GB SSD/Windows 10 Home) 14IIL05 2 in 1 Laptop,48949,,,
438,Asus Pro P5 Core i5 8th Gen - (8 GB/512 GB SSD/Windows 10 Pro) Pro P5 P5440FA Thin and Light Laptop,85990,,,
439,Lenovo Yoga Core i7 10th Gen - (16 GB/1 TB SSD/Windows 10 Home) Yoga S940-14IIL Thin and Light Laptop,139990,,,
440,Asus Core i7 10th Gen - (32 GB/1 TB SSD/Windows 10 Home/6 GB Graphics/NVIDIA Geforce RTX 2060) UX581LV...,224990,,,
441,Alienware Core i7 9th Gen - (16 GB/1 TB HDD/512 GB SSD/Windows 10 Home/8 GB Graphics/NVIDIA Geforce RT...,232990,,,
442,Dell Inspiron 3000 Ryzen 3 Quad Core 2300U - (4 GB/1 TB HDD/Windows 10 Home) C563104WIN9 Laptop,34990,3.9,38,3
443,HP 15s Core i5 10th Gen - (8 GB/1 TB HDD/256 GB SSD/Windows 10 Home/2 GB Graphics) 15s-dr2007tx Laptop,63990,4.1,47,5
444,Dell Inspiron 7000 Core i5 6th Gen - (8 GB/1 TB HDD/8 GB SSD/Windows 10 Home/4 GB Graphics/NVIDIA Gefo...,88768,3.0,13,3
445,Acer Swift 3 Core i5 8th Gen - (8 GB/256 GB SSD/Windows 10 Home) SF313-51-506P Thin and Light Laptop,57546,3.6,18,6
446,Asus ROG Core i7 7th Gen - (8 GB/1 TB HDD/256 GB SSD/Windows 10 Home/6 GB Graphics/NVIDIA Geforce GTX ...,146490,3.0,2,1
447,Dell XPS Core i7 10th Gen - (16 GB/512 GB SSD/Windows 10 Home/4 GB Graphics) XPS 9500 Laptop,181769,,,
448,Asus VivoBook Gaming Core i5 9th Gen - (8 GB + 32 GB Optane/512 GB SSD/Windows 10 Home/4 GB Graphics/N...,62990,4.4,281,54
449,Microsoft Surface Go Pentium Gold - (4 GB/64 GB EMMC Storage/Windows 10 Home in S Mode) 1824 2 in 1 La...,38599,4.3,1626,207
450,Asus ExpertBook B9 Core i7 10th Gen - (16 GB/1 TB SSD/Windows 10 Pro) ExpertBook B9 B9450FA Thin and L...,165990,,,
451,Asus ExpertBook P2 Core i5 10th Gen - (8 GB/1 TB HDD/Windows 10 Pro/2 GB Graphics) ExpertBook P2 P2451...,83990,,,
452,Dell Latitude Core i3 10th Gen - (4 GB/1 TB HDD/Ubuntu) Latitude 3410 Business Laptop,37990,,,
453,Acer Swift 3 Core i5 11th Gen - (16 GB + 32 GB Optane/512 GB SSD/Windows 10 Home/4 GB Graphics) SF314-...,79990,4.3,4,1
454,MSI Prestige 14 Core i7 10th Gen - (16 GB/512 GB SSD/Windows 10 Home/2 GB Graphics) Prestige 14 A10RAS...,89990,4.0,33,5
455,HP Core i5 7th Gen - (8 GB/256 GB SSD/Windows 10 Home) 13-V123TU Thin and Light Laptop,75000,5.0,5,3
456,HP Envy Core i7 10th Gen - (16 GB/1 TB SSD/Windows 10 Home/6 GB Graphics) 15-EP0142TX 2 in 1 Laptop,196844,3.7,3,1
457,Acer Chromebook Celeron Dual Core - (4 GB/16 GB EMMC Storage/Chrome OS) C733 Chromebook,20990,3.5,37,2
458,HP Spectre x360 Core i7 10th Gen - (16 GB/512 GB SSD/Windows 10 Pro) 13-aw0205tu 2 in 1 Laptop,162990,3.3,3,1
459,HP Omen Core i5 7th Gen - (8 GB/1 TB HDD/128 GB SSD/Windows 10 Home/6 GB Graphics/NVIDIA Geforce GTX 1...,137098,,,
460,Lenovo ThinkBook 14 Core i3 10th Gen - (4 GB/1 TB HDD/DOS) ThinkBook 14 IIL Thin and Light Laptop,38999,4.2,16,3
461,Dell Inspiron 14 Core i3 10th Gen - (4 GB/1 TB HDD/Windows 10 Home) Inspiron 3493 Thin and Light Lapto...,40899,3.2,5,0
462,Asus ROGStrixScar 17 Core i9 10th Gen - (32 GB/2 TB SSD/Windows 10 Home/8 GB Graphics/NVIDIA Geforce...,269990,,,
463,Asus ZenBook 13 Core i7 8th Gen - (8 GB/512 GB SSD/Windows 10 Home) UX331UAL-EG031T Thin and Light Lap...,84990,4.5,505,94
464,Lenovo Ideapad 720S Core i7 8th Gen - (8 GB/512 GB SSD/Windows 10 Home) 720S-13IKB Thin and Light Lapt...,95695,,,
465,Acer Celeron Dual Core 7th Gen - (4 GB/32 GB EMMC Storage/Chrome OS) C733 Chromebook,20990,3.3,39,10
466,Asus ZenBook Classic Core i5 10th Gen - (8 GB/512 GB SSD/Windows 10 Home) UX333FA-A5821TS Thin and Lig...,79990,4.3,4,0
467,Dell XPS 13 Core i7 8th Gen - (16 GB/512 GB SSD/Windows 10 Home) 9370 Thin and Light Laptop,120990,,,
468,Avita Liber Core i5 10th Gen - (8 GB/256 GB SSD/Windows 10 Home) NS14A8INF541-AB Thin and Light Laptop,52990,4.3,615,102
469,Acer One 14 Pentium Gold - (4 GB/1 TB HDD/Windows 10 Home) Z2-485 Thin and Light Laptop,30000,3.4,44,4
470,Avita Pura Core i3 8th Gen - (4 GB/256 GB SSD/Windows 10 Home in S Mode) NS14A6INT441-SRGYB Thin and L...,69844,4.2,214,30
471,Lenovo V Series APU Quad Core A4 9125 - (8 GB/1 TB HDD/DOS) V145 Laptop,30350,3.4,148,17
472,Acer Aspire Core i3 6th Gen - (4 GB/128 GB SSD/Windows 10 Home) X349-M Laptop,49449,,,
473,Dell Inspiron Core i5 10th Gen - (8 GB/512 GB SSD/Windows 10 Home) Inspiron 7490 Thin and Light Laptop,86990,,,
474,Dell Inspiron 7000 Core i5 10th Gen - (8 GB/512 GB SSD/Windows 10 Home/2 GB Graphics) 7490 Thin and Li...,89149,,,
475,Alienware Core i7 10th Gen - (16 GB/1 TB SSD/Windows 10 Home/8 GB Graphics/NVIDIA Geforce RTX 2070) m1...,268990,4.0,4,2
476,Asus Core i5 10th Gen - (8 GB/512 GB SSD/Windows 10 Home) X409JA-EK591T Thin and Light Laptop,50990,4.0,7,1
477,Lenovo Ideapad 330 Core i5 8th Gen - (8 GB/1 TB HDD/Windows 10 Home/2 GB Graphics) 330-15IKB Laptop,46990,4.2,4382,556
478,HP 15q APU Dual Core A9 A9-9425 - (4 GB/1 TB HDD/Windows 10 Home) 15q-dy0007AU Laptop,29990,4.1,12559,1567
479,HP 15q APU Dual Core A6 A6-9225 - (4 GB/1 TB HDD/Windows 10 Home) 15q-dy0006AU Laptop,28250,4.1,4204,560
480,Lenovo thinkbook Core i5 10th Gen - (8 GB/512 GB SSD/DOS) 14 Business Laptop,58990,,,
481,Asus ROG Zephyrus Duo 15 Core i7 10th Gen - (32 GB/2 TB SSD/Windows 10 Home/8 GB Graphics/NVIDIA Gefor...,359990,,,
482,Dell Inspiron Core i3 10th Gen - (4 GB/1 TB HDD/256 GB SSD/Windows 10 Home) Inspiron 3593 Laptop,44100,4.2,26,1
483,Asus ZenBook Classic Core i5 10th Gen - (8 GB/512 GB SSD/Windows 10 Home/2 GB Graphics) UX334FL-A5821T...,86990,3.8,4,0
484,Asus Pro P5 Core i5 8th Gen - (8 GB/1 TB HDD/Windows 10 Pro) Pro P5 P5440FA Thin and Light Laptop,81990,,,
485,Avita Liber Core i7 8th Gen - (8 GB/256 GB SSD/Windows 10 Home) NS14A2IN249P Thin and Light Laptop,59990,,,
486,Asus ZenBook 13 Core i7 8th Gen - (8 GB/512 GB SSD/Windows 10 Home) UX333FA-A4115T Thin and Light Lapt...,82990,4.5,29,3
487,Dell Inspiron 5000 Core i5 8th Gen - (8 GB/1 TB HDD/512 GB SSD/Windows 10 Home/2 GB Graphics) 5584 Lap...,66500,4.3,159,23
488,Lenovo Core i7 8th Gen - (8 GB/1 TB HDD/Windows 10 Home/2 GB Graphics) L340-15IWL Laptop,85600,4.2,127,14
489,Asus ROG Zephyrus M15 Core i7 10th Gen - (16 GB/1 TB SSD/Windows 10 Home/6 GB Graphics/NVIDIA Geforce ...,210990,,,
490,Asus ROG Zephyrus M15 Core i7 10th Gen - (16 GB/1 TB SSD/Windows 10 Home/6 GB Graphics/NVIDIA Geforce ...,196990,4.6,5,0
491,HP 250 G7 Core i3 10th Gen - (4 GB/1 TB HDD/Windows 10 Home) 250 G7 Thin and Light Laptop,40899,,,
492,Avita Liber Core i7 8th Gen - (8 GB/256 GB SSD/Windows 10 Home) NS14A2IN239P Thin and Light Laptop,59990,,,
493,Dell Inspiron Core i5 10th Gen - (8 GB/512 GB SSD/Windows 10 Home) Inspiron 3593 Laptop,63500,4.5,24,2
494,Avita Liber Core i7 8th Gen - (8 GB/256 GB SSD/Windows 10 Home) NS14A2IN244P Thin and Light Laptop,59990,,,
495,Asus ROG Zephyrus Duo 15 Core i7 10th Gen - (32 GB/1 TB SSD/Windows 10 Home/8 GB Graphics/NVIDIA Gefor...,279990,,,
496,Avita Liber Core i5 7th Gen - (8 GB/512 GB SSD/Windows 10 Home) NS13A1IN019P Thin and Light Laptop,52990,,,
497,Avita Liber Core i5 7th Gen - (8 GB/512 GB SSD/Windows 10 Home) NS13A1IN013P Thin and Light Laptop,52990,,,
498,Lenovo Ideapad Gaming 3 Core i5 10th Gen - (8 GB/512 GB SSD/Windows 10 Home/4 GB Graphics/NVIDIA Gefor...,72999,,,
499,Avita Liber Core i5 7th Gen - (8 GB/512 GB SSD/Windows 10 Home) NS13A1IN015P Thin and Light Laptop,52990,,,
500,Avita Liber Core i5 10th Gen - (8 GB/256 GB SSD/Windows 10 Home) NS14A8INF542-CS Thin and Light Laptop,52990,,,
501,Asus Celeron Dual Core - (4 GB/500 GB HDD/Windows 10 Home) E12 E203NAH-FD114T Laptop,23890,,,
502,Avita Liber Core i5 8th Gen - (8 GB/512 GB SSD/Windows 10 Home) NS14A2IN223P Thin and Light Laptop,55990,3.6,5,2
503,Dell Inspiron Core i5 11th Gen - (8 GB/512 GB SSD/Windows 10 Home) Inspiron 5301 Thin and Light Laptop,79522,,,
