HP 15s Core i3 10th Gen - (8 GB/1 TB HDD/Windows 10 Home) 15q-DS3001TU Laptop,35990,2658 Ratings & 301 Reviews,4.2
HP 14s Core i3 10th Gen - (8 GB/256 GB SSD/Windows 10 Home) 14s-cf3074TU Thin and Light Laptop,35990,1011 Ratings & 123 Reviews,4.2
HP 15 Ryzen 3 Dual Core 3200U - (4 GB/1 TB HDD/Windows 10 Home) 15-db1069AU Laptop,30000,1740 Ratings & 241 Reviews,4.1
HP 15s Core i3 10th Gen - (4 GB/512 GB SSD/Windows 10 Home) 15s-fr1004tu Thin and Light Laptop,42189,1151 Ratings & 163 Reviews,4.4
Asus Celeron Dual Core - (4 GB/1 TB HDD/Windows 10 Home) X543MA-GQ1015T Laptop,20990,1532 Ratings & 183 Reviews,4
HP 15s Ryzen 3 Dual Core 3250U - (4 GB/1 TB HDD/256 GB SSD/Windows 10 Home) 15s-GR0008AU Thin and Ligh...,42127,467 Ratings & 70 Reviews,4.4
HP 15s Ryzen 5 Quad Core 3500U - (8 GB/512 GB SSD/Windows 10 Home) 15s-EQ0024au Thin and Light Laptop,48990,1297 Ratings & 285 Reviews,4.5
Lenovo ThinkBook 14 Core i5 10th Gen - (8 GB/256 GB SSD/Windows 10 Pro) ThinkBook 14 IML Thin and Ligh...,46990,20 Ratings & 5 Reviews,4.6
Acer One 14 Pentium Gold - (4 GB/1 TB HDD/Windows 10 Home) Z2-485 Thin and Light Laptop,23990,5173 Ratings & 590 Reviews,4
Acer Aspire 7 Ryzen 7 Quad Core 3750H - (8 GB/512 GB SSD/Windows 10 Home/4 GB Graphics/NVIDIA Geforce ...,57990,414 Ratings & 50 Reviews,4.3
HP 14 Core i5 10th Gen - (8 GB/512 GB SSD/Windows 10 Home) 14-ck2018TU Thin and Light Laptop,47490,506 Ratings & 49 Reviews,4.3
Lenovo ThinkPad Core i7 10th Gen - (16 GB/1 TB HDD/256 GB SSD/Windows 10 Home) ThinkPad E14 Thin and L...,75990,24 Ratings & 3 Reviews,4.3
Asus VivoBook 14 Ryzen 5 Hexa Core 4500U - (8 GB/512 GB SSD/Windows 10 Home) M413IA-EK582T Thin and Li...,50991,338 Ratings & 66 Reviews,4.5
Asus VivoBook 14 Ryzen 5 Quad Core 3500U - (8 GB/512 GB SSD/Windows 10 Home) X412DA-EK501T Thin and Li...,44550,5385 Ratings & 849 Reviews,4.4
HP 14s Core i5 11th Gen - (8 GB/512 GB SSD/Windows 10 Home) 14s-DR2006TU Thin and Light Laptop,58990,5 Ratings & 1 Reviews,4.8
HP Ryzen 5 Quad Core NA - (4 GB/256 GB SSD/DOS) 245 G7 Thin and Light Laptop,31490,86 Ratings & 22 Reviews,4.3
HP Pavilion Gaming Ryzen 5 Quad Core 3550H - (8 GB/1 TB HDD/Windows 10 Home/4 GB Graphics/NVIDIA Gefor...,54990,5775 Ratings & 818 Reviews,4.2
Asus VivoBook 15 Core i3 7th Gen - (4 GB/1 TB HDD/Windows 10 Home) X543UA-DM342T Laptop,30990,4152 Ratings & 547 Reviews,4.1
HP Pavilion x360 Core i5 10th Gen - (8 GB/512 GB SSD/Windows 10 Home) 14-dh1179TU 2 in 1 Laptop,61990,320 Ratings & 28 Reviews,4.5
MSI Alpha 15 Ryzen 7 Quad Core 3750H - (16 GB/1 TB HDD/256 GB SSD/Windows 10 Home/4 GB Graphics/AMD Ra...,69990,152 Ratings & 30 Reviews,4.5
HP 15s Core i5 10th Gen - (4 GB + 32 GB Optane/512 GB SSD/Windows 10 Home) 15s-du1065TU Thin and Light...,49490,402 Ratings & 61 Reviews,4.3
Apple MacBook Air Core i5 5th Gen - (8 GB/128 GB SSD/Mac OS Sierra) MQD32HN/A A1466,67990,28884 Ratings & 3176 Reviews,4.7
HP 14s Ryzen 5 Quad Core 3450U - (8 GB/512 GB SSD/Windows 10 Home) 14s-fr0012AU Thin and Light Laptop,43990,37 Ratings & 5 Reviews,4.4
Asus VivoBook 15 Core i3 7th Gen - (4 GB/1 TB HDD/Windows 10 Home) X543UA-DM341T Laptop,30990,4152 Ratings & 547 Reviews,4.1
Dell G3 Core i7 10th Gen - (16 GB/1 TB HDD/256 GB SSD/Windows 10 Home/4 GB Graphics/NVIDIA Geforce GTX...,86990,230 Ratings & 36 Reviews,4.3
HP Pavilion x360 Core i7 8th Gen - (8 GB/1 TB HDD/256 GB SSD/Windows 10 Home/2 GB Graphics) 14-dh0112T...,76990,288 Ratings & 34 Reviews,4.7
Acer One 14 Pentium Dual Core - (4 GB/1 TB HDD/Windows 10 Home) Z2-485 Thin and Light Laptop,23990,4 Ratings & 0 Reviews,4.3
HP Pavilion x360 Core i3 10th Gen - (8 GB/512 GB SSD/Windows 10 Home) 14-dh1178TU 2 in 1 Laptop,51990,466 Ratings & 52 Reviews,4.4
HP 15s Core i5 10th Gen - (8 GB/1 TB HDD/Windows 10 Home) 15s-DU1034TU Thin and Light Laptop,50990,1308 Ratings & 127 Reviews,4.2
Asus VivoBook Gaming Core i7 9th Gen - (16 GB + 32 GB Optane/512 GB SSD/Windows 10 Home/4 GB Graphics/...,72990,427 Ratings & 74 Reviews,4.3
HP Pavilion x360 Core i3 10th Gen - (8 GB/256 GB SSD/Windows 10 Home) 14-dh1181TU 2 in 1 Laptop,47990,12 Ratings & 1 Reviews,4
MSI GF65 Thin Core i5 9th Gen - (16 GB/512 GB SSD/Windows 10 Home/6 GB Graphics/NVIDIA Geforce GTX 166...,74990,245 Ratings & 57 Reviews,4.6
Lenovo Ideapad S340 Core i5 10th Gen - (8 GB/1 TB HDD/256 GB SSD/Windows 10 Home) 81VV ideapad S340 -1...,57990,601 Ratings & 62 Reviews,4.3
Acer Nitro 5 Ryzen 7 Octa Core 4800H - (8 GB/1 TB HDD/256 GB SSD/Windows 10 Home/4 GB Graphics/NVIDIA ...,82590,14 Ratings & 2 Reviews,4.4
Asus Pentium Quad Core - (4 GB/1 TB HDD/Windows 10 Home) X543MA-GQ501T Laptop,23990,1099 Ratings & 149 Reviews,4
Lenovo IdeaPad Gaming 3i Core i7 10th Gen - (8 GB/1 TB HDD/256 GB SSD/Windows 10 Home/4 GB Graphics/NV...,78990,488 Ratings & 89 Reviews,4.4
HP Pavilion x360 Core i7 10th Gen - (8 GB/512 GB SSD/Windows 10 Home) 14-dh1180TU 2 in 1 Laptop,74990,84 Ratings & 15 Reviews,4.4
Acer Predator Triton 300 Core i5 10th Gen - (8 GB/512 GB SSD/Windows 10 Home/4 GB Graphics/NVIDIA Gefo...,74990,4 Ratings & 1 Reviews,4.8
MSI GF65 Thin Core i7 9th Gen - (16 GB/512 GB SSD/Windows 10 Home/6 GB Graphics/NVIDIA Geforce RTX 206...,94990,465 Ratings & 99 Reviews,4.6
Lenovo ThinkPad E14 Core i3 10th Gen - (4 GB/256 GB SSD/Windows 10 Home) E14 Thin and Light Laptop,38990,80 Ratings & 16 Reviews,4.5
HP 250 G7 Core i3 10th Gen - (4 GB/512 GB SSD/Windows 10 Home) 22A67PA Laptop,40689,177 Ratings & 17 Reviews,4.2
Asus TUF Ryzen 7 Quad Core 3750H - (8 GB/512 GB SSD/Windows 10 Home/4 GB Graphics/NVIDIA Geforce GTX 1...,64990,171 Ratings & 26 Reviews,4.5
HP Omen Ryzen 5 Hexa Core 4600H - (8 GB/512 GB SSD/Windows 10 Home/6 GB Graphics/NVIDIA Geforce GTX 16...,85990,122 Ratings & 20 Reviews,4.8
HP 15 Core i3 10th Gen - (4 GB/1 TB HDD/Windows 10 Home) 15-DA3001TU Laptop,34990,608 Ratings & 59 Reviews,3.8
Apple MacBook Air Core i3 10th Gen - (8 GB/256 GB SSD/Mac OS Catalina) MWTJ2HN/A,83990,591 Ratings & 82 Reviews,4.6
HP Ryzen 5 Quad Core NA - (8 GB/1 TB HDD/Windows 10 Home) 245 G7 Thin and Light Laptop,40200,58 Ratings & 7 Reviews,4.2
HP Pavilion Gaming Core i5 9th Gen - (8 GB/1 TB HDD/256 GB SSD/Windows 10 Home/4 GB Graphics/NVIDIA Ge...,69990,602 Ratings & 102 Reviews,4.5
Asus VivoBook 14 Core i5 10th Gen - (8 GB/1 TB HDD/256 GB SSD/Windows 10 Home) X412FA-EK511T Thin and ...,55990,1527 Ratings & 187 Reviews,4.4
HP 14s Core i5 10th Gen - (8 GB/1 TB HDD/256 GB SSD/Windows 10 Home) 14s-CR2000TU Thin and Light Lapto...,59980,381 Ratings & 39 Reviews,4.5
Lenovo Ideapad Gaming 3 Ryzen 7 Octa Core 4800H - (8 GB/1 TB HDD/256 GB SSD/Windows 10 Home/4 GB Graph...,72990,30 Ratings & 7 Reviews,4.7
HP 14s Core i3 10th Gen - (8 GB/1 TB HDD/Windows 10 Home) 14s-er0004TU Thin and Light Laptop,43990,6 Ratings & 0 Reviews,3.8
Acer Aspire 5 Core i5 11th Gen - (8 GB/512 GB SSD/Windows 10 Home) A514-54-5753 Thin and Light Laptop,54990,3 Ratings & 1 Reviews,2.7
HP 14s Core i3 10th Gen - (8 GB/512 GB SSD/Windows 10 Home) 14s-DR1008TU Thin and Light Laptop,51000,611 Ratings & 83 Reviews,4.4
Apple MacBook Air Core i3 10th Gen - (8 GB/256 GB SSD/Mac OS Catalina) MWTL2HN/A,83990,231 Ratings & 25 Reviews,4.6
Dell Inspiron Core i3 10th Gen - (8 GB/1 TB HDD/Windows 10 Home) Inspiron 3593 Laptop,42100,16 Ratings & 1 Reviews,3.9
HP Pavilion 14 Core i5 10th Gen - (8 GB/1 TB HDD/256 GB SSD/Windows 10 Home) 14-ce3065TU Thin and Ligh...,59400,131 Ratings & 27 Reviews,4.5
Asus ZenBook 14 Core i5 11th Gen - (8 GB/512 GB SSD/Windows 10 Home) UX425EA-BM501TS Thin and Light La...,77990,8 Ratings & 1 Reviews,4.6
Asus ROG Strix G15 Core i5 10th Gen - (8 GB/1 TB SSD/Windows 10 Home/4 GB Graphics/NVIDIA Geforce GTX ...,82990,256 Ratings & 46 Reviews,4.6
MSI GF63 Thin Core i5 9th Gen - (8 GB/1 TB HDD/Windows 10 Home/4 GB Graphics/NVIDIA Geforce GTX 1650 w...,52990,430 Ratings & 76 Reviews,4.4
Lenovo Ideapad 3 Athlon Dual Core 3050U - (4 GB/1 TB HDD/Windows 10 Home) 15ADA05 Laptop,30789,735 Ratings & 109 Reviews,4
Dell Inspiron Core i5 10th Gen - (8 GB/512 GB SSD/Windows 10 Home/2 GB Graphics) INS 5408 Thin and Lig...,65990,98 Ratings & 13 Reviews,4.3
HP 15s Ryzen 5 Quad Core 3450U - (8 GB/1 TB HDD/Windows 10 Home) 15s-GR0010AU Thin and Light Laptop,40990,,
Acer Predator Helios 300 Core i5 10th Gen - (16 GB/1 TB HDD/256 GB SSD/Windows 10 Home/6 GB Graphics/N...,94990,429 Ratings & 73 Reviews,4.6
Dell Inspiron Pentium Gold - (4 GB/256 GB SSD/Windows 10 Home) Inspiron 3480 Thin and Light Laptop,29643,329 Ratings & 56 Reviews,4.2
Dell Vostro Core i3 10th Gen - (4 GB/1 TB HDD/Windows 10 Home) Vostro 3491 Thin and Light Laptop,33690,1604 Ratings & 202 Reviews,3.8
Lenovo Core i3 10th Gen - (4 GB/1 TB HDD/Windows 10 Home) V15-IIL Laptop,34990,53 Ratings & 7 Reviews,4
Dell Inspiron Core i3 10th Gen - (4 GB/1 TB HDD/Windows 10 Home) Inspiron 3593 Laptop,34990,156 Ratings & 14 Reviews,3.9
Lenovo Ideapad S340 Core i5 10th Gen - (8 GB/1 TB HDD/256 GB SSD/Windows 10 Home/2 GB Graphics) S340 L...,61990,7 Ratings & 2 Reviews,4.1
Lenovo Ideapad Gaming 3i Core i5 10th Gen - (8 GB/1 TB HDD/256 GB SSD/Windows 10 Home/4 GB Graphics/NV...,67990,441 Ratings & 59 Reviews,4.4
HP Spectre x360 Core i5 10th Gen - (8 GB/512 GB SSD/Windows 10 Home) 13-aw0204TU 2 in 1 Laptop,99990,109 Ratings & 16 Reviews,4.4
Lenovo ThinkPad E14 Core i3 10th Gen - (4 GB/256 GB SSD/Windows 10 Home) E14 Thin and Light Laptop,39990,328 Ratings & 59 Reviews,4.4
Dell Inspiron Core i5 10th Gen - (8 GB/512 GB SSD/Windows 10 Home) Ins 5408 Thin and Light Laptop,61990,106 Ratings & 22 Reviews,4.4
Dell Inspiron 3000 APU Dual Core A9 A9-9425 - (4 GB/1 TB HDD/Windows 10 Home) 3595 Laptop,27990,375 Ratings & 50 Reviews,4
Asus VivoBook 14 Core i5 10th Gen - (8 GB/1 TB HDD/256 GB SSD/Windows 10 Home) X412FA-EK512T Thin and ...,55990,1556 Ratings & 170 Reviews,4.3
Apple MacBook Pro with Touch Bar Core i5 8th Gen - (8 GB/256 GB SSD/Mac OS Catalina) MXK32HN/A,122990,160 Ratings & 27 Reviews,4.6
HP 14s Core i5 10th Gen - (8 GB/1 TB HDD/256 GB SSD/Windows 10 Home) 14S-ER0003TU Thin and Light Lapto...,64374,458 Ratings & 55 Reviews,4.4
Asus VivoBook 14 Core i5 10th Gen - (8 GB/1 TB HDD/256 GB SSD/Windows 10 Home/2 GB Graphics) X412FJ-EK...,59990,1104 Ratings & 158 Reviews,4.5
Acer Predator Helios 300 Core i7 10th Gen - (16 GB/1 TB HDD/256 GB SSD/Windows 10 Home/6 GB Graphics/N...,119990,1328 Ratings & 247 Reviews,4.6
Asus ROG Strix G Core i5 9th Gen - (8 GB/1 TB HDD/256 GB SSD/Windows 10 Home/4 GB Graphics/NVIDIA Gefo...,69990,5535 Ratings & 732 Reviews,4.5
Acer Swift 3 Core i5 11th Gen - (8 GB/512 GB SSD/Windows 10 Home) SF313-53-532J Thin and Light Laptop,67990,6 Ratings & 1 Reviews,4.8
Lenovo ThinkPad Core i5 10th Gen - (8 GB/1 TB HDD/256 GB SSD/Windows 10 Home) ThinkPad E14 Thin and Li...,62990,22 Ratings & 1 Reviews,4.4
MSI GF65 Thin Core i7 9th Gen - (16 GB/512 GB SSD/Windows 10 Home/6 GB Graphics/NVIDIA Geforce GTX 166...,84990,255 Ratings & 43 Reviews,4.5
Asus ROG Strix G15 Core i7 10th Gen - (16 GB/512 GB SSD/Windows 10 Home/6 GB Graphics/NVIDIA Geforce G...,104990,27 Ratings & 5 Reviews,4.4
Dell G3 Core i5 10th Gen - (8 GB/1 TB HDD/256 GB SSD/Windows 10 Home/4 GB Graphics/NVIDIA Geforce GTX ...,72990,190 Ratings & 17 Reviews,4.5
Apple MacBook Pro Core i9 8th Gen - (16 GB/512 GB SSD/Mac OS Mojave/4 GB Graphics) MV912HN,209990,16 Ratings & 0 Reviews,4.2
HP 15s Core i3 10th Gen - (8 GB/1 TB HDD/Windows 10 Home) 15s-du2002TU Thin and Light Laptop,42990,432 Ratings & 54 Reviews,4.4
HP Pavilion Gaming Ryzen 5 Quad Core 3550H - (8 GB/512 GB SSD/Windows 10 Home/4 GB Graphics/NVIDIA Gef...,59990,947 Ratings & 118 Reviews,4.5
Asus TUF Ryzen 5 Quad Core 3550H - (8 GB/512 GB SSD/Windows 10 Home/4 GB Graphics/NVIDIA Geforce GTX 1...,59990,253 Ratings & 29 Reviews,4.4
Avita Liber V14 Ryzen 5 Quad Core 3500U - (8 GB/512 GB SSD/Windows 10 Home) NS14A8INV562-CYA Thin and ...,38990,107 Ratings & 25 Reviews,4.2
Asus ROG Strix G15 (2020) Core i7 10th Gen - (16 GB/1 TB SSD/Windows 10 Home/4 GB Graphics/NVIDIA Gefo...,93990,179 Ratings & 35 Reviews,4.5
Dell G3 Core i7 9th Gen - (8 GB/1 TB HDD/512 GB SSD/Windows 10 Home/4 GB Graphics/NVIDIA Geforce GTX 1...,84990,310 Ratings & 50 Reviews,4.4
Apple MacBook Air Core i3 10th Gen - (8 GB/256 GB SSD/Mac OS Catalina) MWTK2HN/A,83990,591 Ratings & 82 Reviews,4.6
HP Omen Ryzen 5 Hexa Core 4600H - (8 GB/512 GB SSD/Windows 10 Home/4 GB Graphics/NVIDIA Geforce GTX 16...,75990,495 Ratings & 89 Reviews,4.6
HP Omen Core i7 10th Gen - (16 GB/1 TB SSD/Windows 10 Home/4 GB Graphics/NVIDIA Geforce GTX 1650 Ti) 1...,114990,11 Ratings & 3 Reviews,3.3
HP Pavilion x360 Core i5 10th Gen - (8 GB/512 GB SSD/Windows 10 Home) 14-dw0069TU 2 in 1 Laptop  with ...,72442,39 Ratings & 6 Reviews,4.7
Apple MacBook Air Core i5 10th Gen - (8 GB/512 GB SSD/Mac OS Catalina) MVH22HN/A,118990,215 Ratings & 15 Reviews,4.5
Asus VivoBook 14 Ryzen 5 Hexa Core 4500U - (8 GB/512 GB SSD/Windows 10 Home) M413IA-EK584T Thin and Li...,50991,236 Ratings & 56 Reviews,4.4
MSI Bravo 15 Ryzen 5 Hexa Core 4600H - (16 GB/512 GB SSD/Windows 10 Home/4 GB Graphics/AMD Radeon RX 5...,72990,85 Ratings & 17 Reviews,4.6
Apple MacBook Pro Core i9 9th Gen - (16 GB/1 TB SSD/Mac OS Catalina/4 GB Graphics) MVVK2HN/A,224900,81 Ratings & 10 Reviews,4.8
Dell XPS Core i7 10th Gen - (32 GB/1 TB SSD/Windows 10 Home/4 GB Graphics) XPS 9500 Laptop,208346,,
HP 14s Core i7 10th Gen - (8 GB/512 GB SSD/Windows 10 Home) 14s-DR1010TU Thin and Light Laptop,69990,12 Ratings & 1 Reviews,4.6
Dell G3 Core i7 10th Gen - (8 GB/512 GB SSD/Windows 10 Home/4 GB Graphics/NVIDIA Geforce GTX 1650/120 ...,85990,17 Ratings & 3 Reviews,4.5
Dell Inspiron Core i3 10th Gen - (4 GB/1 TB HDD/256 GB SSD/Windows 10 Home) Inspiron 5491 2 in 1 Lapto...,55990,79 Ratings & 11 Reviews,4.4
HP 14s Core i3 10th Gen - (4 GB/1 TB HDD/Windows 10 Home) 14S-ER0002TU Thin and Light Laptop  with inb...,39990,342 Ratings & 72 Reviews,3.8
HP Envy x360 Ryzen 5 Hexa Core 4500U - (8 GB/256 GB SSD/Windows 10 Home) 13-ay0044AU 2 in 1 Laptop,69990,71 Ratings & 16 Reviews,4.5
HP 15s Ryzen 7 Quad Core 3700U - (8 GB/512 GB SSD/Windows 10 Home) 15s-eq0132AU Thin and Light Laptop,59190,98 Ratings & 18 Reviews,4.4
Lenovo IdeaPad Gaming 3i Core i5 10th Gen - (8 GB/1 TB HDD/256 GB SSD/Windows 10 Home/4 GB Graphics/NV...,69990,395 Ratings & 71 Reviews,4.4
Lenovo Ideapad S145 Core i3 8th Gen - (4 GB/1 TB HDD/DOS) S145-15IKB Laptop,35990,555 Ratings & 70 Reviews,4.1
Dell Vostro Core i3 10th Gen - (8 GB/1 TB HDD/Windows 10 Home) Vostro 3491 Thin and Light Laptop,36890,2739 Ratings & 326 Reviews,4
Lenovo Ideapad S145 APU Dual Core A6 A6-9225 - (4 GB/1 TB HDD/Windows 10 Home) S145-15AST Thin and Lig...,24189,3427 Ratings & 533 Reviews,4
Dell Vostro Core i3 10th Gen - (4 GB/256 GB SSD/Windows 10 Home) Vostro 3491 Thin and Light Laptop,35990,1213 Ratings & 173 Reviews,4.2
Dell Vostro Core i3 10th Gen - (4 GB/1 TB HDD/Linux) Vostro 3491 Thin and Light Laptop,30990,230 Ratings & 19 Reviews,4.1
Lenovo Ideapad 3 Core i3 10th Gen - (4 GB/1 TB HDD/Windows 10 Home) 14IIL05 Thin and Light Laptop,35990,869 Ratings & 119 Reviews,3.8
Lenovo Ideapad L340 Core i5 9th Gen - (8 GB/1 TB HDD/256 GB SSD/Windows 10 Home/4 GB Graphics/NVIDIA G...,60990,898 Ratings & 134 Reviews,4.4
Apple MacBook Pro Core i5 8th Gen - (8 GB/128 GB SSD/Mac OS Mojave) MUHN2HN/A,104990,124 Ratings & 19 Reviews,4.7
Lenovo Ideapad S145 APU Dual Core A6 A6-9225 - (4 GB/1 TB HDD/Windows 10 Home) S145-15AST Laptop,27190,152 Ratings & 13 Reviews,4
Asus VivoBook 15 Core i3 10th Gen - (8 GB/1 TB HDD/Windows 10 Home) X509JA-BQ841TS Laptop,40880,278 Ratings & 41 Reviews,4.3
HP 14s Core i5 10th Gen - (8 GB/512 GB SSD/Windows 10 Home) 14s- DR1009TU Thin and Light Laptop,57458,309 Ratings & 49 Reviews,4.4
Lenovo Ideapad S145 Core i3 7th Gen - (4 GB/1 TB HDD/Windows 10 Home) S145-15IKB Thin and Light Laptop,33990,22 Ratings & 2 Reviews,3.8
Dell Inspiron Core i3 10th Gen - (8 GB/1 TB HDD/Windows 10 Home) Inspiron 3593 Laptop,41399,415 Ratings & 46 Reviews,4.2
MSI GF75 Thin Core i7 9th Gen - (16 GB/1 TB HDD/256 GB SSD/Windows 10 Home/4 GB Graphics/NVIDIA Geforc...,79990,610 Ratings & 96 Reviews,4.4
Lenovo Ideapad S145 Core i5 10th Gen - (8 GB/1 TB HDD/Windows 10 Home) 81W8 idea pad S145 -15IIL U Lap...,44990,1528 Ratings & 181 Reviews,4
HP 14s Core i3 8th Gen - (4 GB/256 GB SSD/Windows 10 Home) 14s-cs0001TU Thin and Light Laptop,35990,179 Ratings & 29 Reviews,4.3
Avita Liber Core i5 10th Gen - (8 GB/256 GB SSD/Windows 10 Home) NS14A8INF541-FL Thin and Light Laptop,52990,615 Ratings & 102 Reviews,4.3
Dell Inspiron Core i5 10th Gen - (8 GB/512 GB SSD/Windows 10 Home) Inspiron 5300 Thin and Light Laptop,73990,9 Ratings & 2 Reviews,4.8
Dell XPS Core i5 10th Gen - (8 GB/512 GB SSD/Windows 10 Home) XPS 9300 Thin and Light Laptop,142567,,
Lenovo Yoga Slim 7 Core i5 10th Gen - (8 GB/512 GB SSD/Windows 10 Home/2 GB Graphics) 14IIL05 Thin and...,73990,7 Ratings & 0 Reviews,4.6
MSI Prestige 15 Core i7 10th Gen - (16 GB/512 GB SSD/Windows 10 Home/4 GB Graphics) Prestige 15 A10SC-...,102990,68 Ratings & 14 Reviews,4.5
Apple MacBook Pro with Touch Bar Core i5 10th Gen - (16 GB/1 TB SSD/Mac OS Catalina) MWP82HN/A,194900,14 Ratings & 0 Reviews,5
Dell Inspiron 5000 Core i5 10th Gen - (8 GB/1 TB HDD/512 GB SSD/Windows 10 Home/2 GB Graphics) 5593 La...,68990,5 Ratings & 2 Reviews,3.6
HP Pavilion x360 Core i5 8th Gen - (8 GB/1 TB HDD/Windows 10 Home) 14-dh0150TU 2 in 1 Laptop,61990,218 Ratings & 27 Reviews,4.4
Asus ROG Strix G15 Core i7 10th Gen - (8 GB/512 GB SSD/Windows 10 Home/4 GB Graphics/NVIDIA Geforce GT...,84990,121 Ratings & 16 Reviews,4.6
Asus ROG Strix G15 (2020) Core i7 10th Gen - (16 GB/512 GB SSD/Windows 10 Home/4 GB Graphics/NVIDIA Ge...,88990,259 Ratings & 37 Reviews,4.5
LG Gram Core i5 8th Gen - (8 GB/256 GB SSD/Windows 10 Home) Gram 14Z990 Thin and Light Laptop,59990,6 Ratings & 0 Reviews,3.7
Acer Swift 3 Core i5 10th Gen - (8 GB/512 GB SSD/Windows 10 Home/2 GB Graphics) SF314-57/SF314-57G Thi...,64990,65 Ratings & 12 Reviews,4.5
LG Gram Core i5 8th Gen - (8 GB/256 GB SSD/Windows 10 Home) Gram 15Z990 Thin and Light Laptop,69990,,
Asus VivoBook 15 Core i5 10th Gen - (8 GB/512 GB SSD/Windows 10 Home) X509JA-BQ844T Laptop,52990,378 Ratings & 60 Reviews,4.3
Lenovo Legion 7i Core i7 10th Gen - (16 GB/1 TB SSD/Windows 10 Home/8 GB Graphics/NVIDIA Geforce RTX 2...,245990,,
Asus Celeron Dual Core - (4 GB/1 TB HDD/Windows 10 Home) X540NA-GQ285T Laptop,24989,41 Ratings & 4 Reviews,4
Avita Pura Core i3 8th Gen - (4 GB/256 GB SSD/Windows 10 Home in S Mode) NS14A6INT441-MEGYB Thin and L...,28990,214 Ratings & 30 Reviews,4.2
Lenovo ThinkPad E14 Core i3 10th Gen - (4 GB/1 TB HDD/Windows 10 Home) E14 Thin and Light Laptop,32990,381 Ratings & 78 Reviews,4.1
HP 15 Ryzen 7 Octa Core 4800H - (16 GB/1 TB SSD/Windows 10 Home/6 GB Graphics/NVIDIA Geforce RTX 2060)...,124990,,
Apple MacBook Pro with Touch Bar Core i5 10th Gen - (16 GB/512 GB SSD/Mac OS Catalina) MWP72HN/A,174900,21 Ratings & 5 Reviews,4.3
Lenovo Legion 7i Core i7 10th Gen - (16 GB/1 TB SSD/Windows 10 Home/8 GB Graphics/NVIDIA Geforce RTX 2...,193990,5 Ratings & 2 Reviews,4.2
Dell G3 Core i7 10th Gen - (16 GB/512 GB SSD/Windows 10 Home/6 GB Graphics/NVIDIA Geforce GTX 1660 Ti/...,103790,19 Ratings & 6 Reviews,3.9
Asus Core i5 8th Gen - (8 GB/512 GB SSD/Windows 10 Home) X412FA-EK296T Thin and Light Laptop,58990,,
Dell G7 Core i9 10th Gen - (16 GB/1 TB SSD/Windows 10 Home/8 GB Graphics/NVIDIA Geforce RTX 2070/300 H...,207990,,
HP 14s Core i3 10th Gen - (4 GB/1 TB HDD/Windows 10 Home) 14s-cf3006TU Thin and Light Laptop,38990,471 Ratings & 60 Reviews,4
Dell Latitude 3500 Core i3 8th Gen - (4 GB/1 TB HDD/Linux) Latitude 3500 Laptop,32990,35 Ratings & 3 Reviews,4.1
MSI Modern 14 Core i5 10th Gen - (8 GB/512 GB SSD/Windows 10 Home) Modern 14 B10MW-220IN Thin and Ligh...,52990,430 Ratings & 92 Reviews,4.5
Apple MacBook Pro Core i9 8th Gen - (16 GB/512 GB SSD/Mac OS Mojave/4 GB Graphics) MV932HN,209990,16 Ratings & 0 Reviews,4.2
HP Chromebook x360 Core i3 10th Gen - (4 GB/64 GB EMMC Storage/Chrome OS) 14c-ca0004TU 2 in 1 Laptop,44990,6 Ratings & 2 Reviews,3.8
MSI GF63 Thin Core i5 9th Gen - (8 GB/512 GB SSD/Windows 10 Home/4 GB Graphics/NVIDIA Geforce GTX 1650...,57990,1392 Ratings & 216 Reviews,4.5
Alienware Core i7 10th Gen - (16 GB/1 TB SSD/Windows 10 Home/6 GB Graphics/NVIDIA Geforce RTX 2060/300...,214790,,
Lenovo Ideapad 3 Ryzen 3 Dual Core 3250U - (4 GB/1 TB HDD/Windows 10 Home) 15ADA05 Laptop,36990,6 Ratings & 1 Reviews,3.8
Lenovo Ideapad Flex 5 Core i3 10th Gen - (4 GB/256 GB SSD/Windows 10 Home) 14IIL05 2 in 1 Laptop,47980,200 Ratings & 13 Reviews,4.3
LG Gram Core i7 8th Gen - (8 GB/512 GB SSD/Windows 10 Home) Gram 17Z990 Thin and Light Laptop,84990,4 Ratings & 2 Reviews,4.8
Dell Inspiron Core i7 10th Gen - (8 GB/512 GB SSD/Windows 10 Home/2 GB Graphics) Inspiron 5501 Thin an...,86550,31 Ratings & 6 Reviews,4.6
HP 15s Ryzen 3 Dual Core 3250U - (4 GB/1 TB HDD/Windows 10 Home) 15s-GR0007AU Thin and Light Laptop,31990,242 Ratings & 44 Reviews,4.2
Mi Notebook 14 Core i5 10th Gen - (8 GB/512 GB SSD/Windows 10 Home) JYU4243IN Thin and Light Laptop,46999,844 Ratings & 103 Reviews,4.3
Asus ROG Zephyrus G Ryzen 7 Quad Core 3750H - (16 GB/512 GB SSD/Windows 10 Home/6 GB Graphics/NVIDIA G...,74990,187 Ratings & 32 Reviews,4.4
Avita Liber V14 Ryzen 5 Quad Core 3500U - (8 GB/512 GB SSD/Windows 10 Home) NS14A8INV562-UGA Thin and ...,38990,107 Ratings & 25 Reviews,4.2
Lenovo Ideapad Flex 5 Core i5 10th Gen - (8 GB/512 GB SSD/Windows 10 Home) 14IIL05 2 in 1 Laptop,65990,122 Ratings & 26 Reviews,4.5
MSI GF63 Thin Core i7 9th Gen - (8 GB/512 GB SSD/Windows 10 Home/4 GB Graphics/NVIDIA Geforce GTX 1650...,66990,677 Ratings & 103 Reviews,4.5
Asus ROG Strix G Core i5 9th Gen - (8 GB/512 GB SSD/Windows 10 Home/4 GB Graphics/NVIDIA Geforce GTX 1...,69990,325 Ratings & 53 Reviews,4.7
Microsoft Surface Pro 7 Core i5 10th Gen - (8 GB/128 GB SSD/Windows 10 Home) 1866 2 in 1 Laptop,83490,36 Ratings & 3 Reviews,4.3
Lenovo Ideapad C340 Core i5 10th Gen - (8 GB/512 GB SSD/Windows 10 Home/2 GB Graphics) C340-14IML 2 in...,76990,25 Ratings & 4 Reviews,4.4
Asus Core i7 10th Gen - (16 GB/1 TB SSD/Windows 10 Home/2 GB Graphics) UX481FL-HJ143TS Thin and Light ...,137989,,
HP 15s Core i5 8th Gen - (8 GB/1 TB HDD/Windows 10 Home) 15s-du0051TU Thin and Light Laptop,62490,103 Ratings & 9 Reviews,4.2
Lenovo Core i3 10th Gen - (4 GB/256 GB SSD/Windows 10 Home) V14-IIL Laptop,36693,13 Ratings & 1 Reviews,4.3
Asus ROG Zephyrus S15 Core i7 10th Gen - (32 GB/1 TB SSD/Windows 10 Home/8 GB Graphics/NVIDIA Geforce ...,273990,,
Asus VivoBook S14 Core i3 8th Gen - (8 GB/1 TB HDD/256 GB SSD/Windows 10 Home) S410UA-EB796T Laptop,53990,587 Ratings & 111 Reviews,4.3
Acer Swift 3 Core i5 8th Gen - (8 GB/1 TB HDD/Linux) SF315-51 Laptop,45990,63 Ratings & 15 Reviews,3.9
Asus ROG Zephyrus G Ryzen 7 Quad Core 3750H - (16 GB/512 GB SSD/Windows 10 Home/6 GB Graphics/NVIDIA G...,89990,5 Ratings & 1 Reviews,4.8
Acer Aspire 7 Core i7 9th Gen - (8 GB/512 GB SSD/Windows 10 Home/4 GB Graphics/NVIDIA Geforce GTX 1650...,73990,123 Ratings & 27 Reviews,4.5
Dell Inspiron 15 Core i3 10th Gen - (4 GB/1 TB HDD/Windows 10 Home) Inspiron 3593 Laptop,41607,6 Ratings & 2 Reviews,4.5
Asus ZenBook 13 Core i5 8th Gen - (8 GB/256 GB SSD/Windows 10 Home) UX331UAL-EG002T Thin and Light Lap...,69990,505 Ratings & 94 Reviews,4.5
Asus TUF Gaming Core i5 9th Gen - (8 GB/512 GB SSD/Windows 10 Home/4 GB Graphics/NVIDIA Geforce GTX 16...,64990,1401 Ratings & 204 Reviews,4.3
Microsoft Surface Laptop 3 Ryzen 5 Quad Core 3580U - (8 GB/128 GB SSD/Windows 10 Home) 1873 Laptop,117990,6 Ratings & 0 Reviews,4.8
Asus ZenBook Duo Core i5 10th Gen - (8 GB/512 GB SSD/Windows 10 Home/2 GB Graphics) UX481FL-BM5811T Th...,88990,21 Ratings & 3 Reviews,4.1
Avita Liber Core i5 10th Gen - (8 GB/256 GB SSD/Windows 10 Home) NS14A8INF541-MB Thin and Light Laptop,36990,615 Ratings & 102 Reviews,4.3
Asus ZenBook Flip 3 Core i7 8th Gen - (8 GB/512 GB SSD/Windows 10 Home) UX362FA-EL701T 2 in 1 Laptop,85031,5 Ratings & 1 Reviews,3
Lenovo Ideapad Slim APU Dual Core A4 A4-9120E - (4 GB/64 GB EMMC Storage/Windows 10 Home) 1-14AST-05 T...,20990,1003 Ratings & 144 Reviews,3.6
Lenovo IdeaPad Gaming 3i Core i7 10th Gen - (8 GB/1 TB HDD/256 GB SSD/Windows 10 Home/4 GB Graphics/NV...,82990,208 Ratings & 41 Reviews,4.4
Alienware Core i7 9th Gen - (16 GB/1 TB SSD/Windows 10 Home/8 GB Graphics/NVIDIA Geforce RTX 2070) m15...,224990,,
Dell Core i3 8th Gen - (4 GB/1 TB HDD/DOS) Latitude 3400 Business Laptop,42486,41 Ratings & 1 Reviews,3.7
Microsoft Surface Pro X SQ1 Octa Core - (8 GB/128 GB SSD/Windows 10 Home) M1876 Laptop,93990,8 Ratings & 0 Reviews,3.5
Dell XPS Core i7 10th Gen - (16 GB/512 GB SSD/Windows 10 Home/4 GB Graphics) XPS 9500 Laptop,200890,,
Acer Aspire 5 Core i5 10th Gen - (8 GB/512 GB SSD/Windows 10 Home) A514-53-59U1 Thin and Light Laptop,57949,672 Ratings & 109 Reviews,4.3
LG Gram 15 Core i5 10th Gen - (8 GB/256 GB SSD/Windows 10 Home) Gram 15Z90N Laptop,75990,5 Ratings & 1 Reviews,4.4
Asus ROG Strix G Core i7 9th Gen - (8 GB/512 GB SSD/Windows 10 Home/4 GB Graphics/NVIDIA Geforce GTX 1...,82990,410 Ratings & 64 Reviews,4.6
Dell Latitude 5300 Core i5 8th Gen - (8 GB/256 GB SSD/Windows 10 Pro) Latitude 5300 Laptop,74750,,
LG Gram 15 Core i5 10th Gen - (8 GB/256 GB SSD/Windows 10 Home) Gram 15Z90N Laptop,75990,5 Ratings & 1 Reviews,4.4
Dell Latitude 5300 Core i5 8th Gen - (8 GB/256 GB SSD/Windows 10 Pro) Latitude 5300 Laptop,74750,,
Microsoft Surface Pro X SQ1 Octa Core - (8 GB/128 GB SSD/Windows 10 Home) M1876 Laptop,93990,8 Ratings & 0 Reviews,3.5
Dell XPS Core i7 10th Gen - (16 GB/512 GB SSD/Windows 10 Home/4 GB Graphics) XPS 9500 Laptop,200890,,
Asus Pentium Quad Core - (4 GB/1 TB HDD/Windows 10 Home) X543MA-GQ1020T Laptop,23990,705 Ratings & 104 Reviews,3.9
Acer One 14 Pentium Dual Core - (4 GB/1 TB HDD/Windows 10 Home) Z2-485 Thin and Light Laptop,27420,401 Ratings & 49 Reviews,4.1
Alienware Core i9 10th Gen - (32 GB/1 TB SSD/Windows 10 Home/8 GB Graphics/NVIDIA Geforce RTX 2080 wit...,344990,6 Ratings & 2 Reviews,4.8
Asus ROG Zephyrus S Core i7 9th Gen - (24 GB/1 TB SSD/Windows 10 Home/8 GB Graphics/NVIDIA Geforce RTX...,184990,,
Dell XPS Core i7 10th Gen - (16 GB/1 TB SSD/Windows 10 Home/4 GB Graphics) XPS 9700 Laptop,209590,,
Lenovo Ideapad 520 Core i5 8th Gen - (4 GB/1 TB HDD/Windows 10 Home/2 GB Graphics) 520-15IKB Laptop,55139,3 Ratings & 1 Reviews,4.7
HP Pavilion x360 Core i5 8th Gen - (8 GB/256 GB SSD/Windows 10 Home) 14-dh0043TU 2 in 1 Laptop,61990,97 Ratings & 16 Reviews,4.5
HP Pavilion Gaming Core i5 10th Gen - (8 GB/1 TB HDD/256 GB SSD/Windows 10 Home/4 GB Graphics/NVIDIA G...,86290,,
Mi Notebook Horizon Edition 14 Core i5 10th Gen - (8 GB/512 GB SSD/Windows 10 Home/2 GB Graphics) JYU4...,54999,186 Ratings & 30 Reviews,4.3
Acer Nitro 5 Core i5 8th Gen - (8 GB/1 TB HDD/256 GB SSD/Windows 10 Home/4 GB Graphics/NVIDIA Geforce ...,64990,46 Ratings & 8 Reviews,4.6
MSI GL65 Leopard Core i7 10th Gen - (16 GB/1 TB HDD/256 GB SSD/Windows 10 Home/6 GB Graphics/NVIDIA Ge...,114990,258 Ratings & 55 Reviews,4.5
Apple MacBook Air Core i5 5th Gen - (8 GB/128 GB SSD/Mac OS Sierra) A1466,80900,4110 Ratings & 853 Reviews,4.6
Lenovo Ideapad 720S Core i5 8th Gen - (8 GB/512 GB SSD/Windows 10 Home) 720S-13IKB Thin and Light Lapt...,74990,2 Ratings & 1 Reviews,4.5
Apple MacBook Pro Core i5 8th Gen - (8 GB/512 GB SSD/Mac OS Mojave) MV972HN,169990,67 Ratings & 7 Reviews,4.6
Dell Inspiron Core i5 7th Gen - (8 GB/1 TB HDD/Windows 10 Home/4 GB Graphics/NVIDIA Geforce GTX 1050) ...,64990,1096 Ratings & 221 Reviews,3.9
Lenovo Ideapad S340 Core i5 10th Gen - (8 GB/512 GB SSD/Windows 10 Home) S340-14IIL Thin and Light Lap...,62990,7 Ratings & 0 Reviews,4.4
Apple MacBook Pro Core i5 8th Gen - (8 GB/256 GB SSD/Mac OS Mojave) MUHP2HN/A,154990,135 Ratings & 27 Reviews,4.6
Asus ZenBook Pro 15 Core i7 8th Gen - (16 GB/1 TB SSD/Windows 10 Home/4 GB Graphics) UX580GE-E2014T La...,175190,6 Ratings & 1 Reviews,4.8
HP 15s Core i5 10th Gen - (8 GB/1 TB HDD/Windows 10 Home/2 GB Graphics) 15s-du1079TX Thin and Light La...,57990,121 Ratings & 16 Reviews,4.1
Asus ZenBook Classic Core i5 10th Gen - (8 GB/512 GB SSD/Windows 10 Home/2 GB Graphics) UX434FL-A5822T...,85990,3 Ratings & 0 Reviews,5
Asus ROG Strix G15 Core i7 10th Gen - (16 GB/1 TB SSD/Windows 10 Home/4 GB Graphics/NVIDIA Geforce GTX...,96990,108 Ratings & 20 Reviews,4.5
Lenovo Ideapad L340 Core i5 9th Gen - (8 GB/1 TB HDD/Windows 10 Home/4 GB Graphics/NVIDIA Geforce GTX ...,54990,727 Ratings & 89 Reviews,4.2
Dell XPS Core i7 10th Gen - (16 GB/1 TB SSD/Windows 10 Home/4 GB Graphics) XPS 9700 Laptop,257865,,
Acer One 14 APU Dual Core A6 A6-7350B 7th Gen - (4 GB/1 TB HDD/Windows 10 Home) Z3-471 Thin and Light ...,33000,239 Ratings & 32 Reviews,4.1
Acer ConceptD 5 Core i7 8th Gen - (16 GB/1 TB SSD/Windows 10 Home/4 GB Graphics) CN515-51 Thin and Lig...,113990,,
MSI GF63 Thin Core i5 10th Gen - (8 GB/512 GB SSD/Windows 10 Home/4 GB Graphics/NVIDIA Geforce GTX 165...,82990,,
HP Spectre x360 Core i5 10th Gen - (8 GB/512 GB SSD/Windows 10 Pro) 13-aw0211TU 2 in 1 Laptop,127990,,
Asus Core i3 10th Gen - (4 GB/512 GB SSD/Windows 10 Home) X413JA-EK268T Thin and Light Laptop,40871,192 Ratings & 27 Reviews,4.3
Asus ROG Zephyrus S17 Core i7 10th Gen - (16 GB/1 TB SSD/Windows 10 Home/6 GB Graphics/NVIDIA Geforce ...,183990,,
HP Pavilion x360 Core i5 8th Gen - (8 GB + 16 GB Optane/1 TB HDD/Windows 10 Home/2 GB Graphics) 14-cd0...,72118,146 Ratings & 20 Reviews,4.2
Asus Core i3 8th Gen - (4 GB/1 TB HDD/Windows 10 Home) X543UA-DM841T Laptop,33999,232 Ratings & 29 Reviews,4
Nexstgo Core i5 8th Gen - (8 GB/256 GB SSD/Windows 10 Pro) NX101 Thin and Light Laptop,79990,,
Lenovo Ideapad L340 Core i7 9th Gen - (8 GB/1 TB HDD/256 GB SSD/Windows 10 Home/4 GB Graphics/NVIDIA G...,70990,536 Ratings & 58 Reviews,4.3
Apple MacBook Pro Core i9 9th Gen - (16 GB/1 TB SSD/Mac OS Catalina/4 GB Graphics) MVVM2HN/A,224900,21 Ratings & 1 Reviews,4.1
Lenovo Ideapad S540 Core i5 10th Gen - (8 GB/1 TB HDD/256 GB SSD/Windows 10 Home/2 GB Graphics) S540-1...,69303,113 Ratings & 17 Reviews,4.3
HP 15s Core i5 10th Gen - (8 GB/1 TB HDD/256 GB SSD/Windows 10 Home/2 GB Graphics) 15s-dr1000tx Thin a...,65990,493 Ratings & 68 Reviews,4.4
Asus Celeron Dual Core - (4 GB/1 TB HDD/Windows 10 Home) X543MA-GQ497T Laptop,20990,610 Ratings & 113 Reviews,4.1
Lenovo Ideapad S145 Core i3 8th Gen - (4 GB/256 GB SSD/Windows 10 Home) S145-15IKB Laptop,34990,167 Ratings & 27 Reviews,4.2
Dell Inspiron 3000 Core i3 10th Gen - (4 GB/256 GB SSD/Windows 10 Home) 3493 Thin and Light Laptop,39990,243 Ratings & 38 Reviews,4.1
Asus VivoBook 15 Core i5 8th Gen - (8 GB/1 TB HDD/Windows 10 Home/2 GB Graphics) X543UB-DM581T Laptop,46990,890 Ratings & 111 Reviews,4.2
Acer Predator Helios 300 Core i5 10th Gen - (8 GB/1 TB HDD/256 GB SSD/Windows 10 Home/4 GB Graphics/NV...,79990,217 Ratings & 43 Reviews,4.6
Lenovo Ideapad S145 Core i5 10th Gen - (8 GB/1 TB HDD/Windows 10 Home) S145-15IIL Laptop,44990,1528 Ratings & 181 Reviews,4
Asus TUF Core i7 8th Gen - (8 GB/1 TB HDD/128 GB SSD/Windows 10 Home/4 GB Graphics/NVIDIA Geforce GTX ...,65990,202 Ratings & 37 Reviews,4.5
HP Spectre x360 Core i7 10th Gen - (16 GB/1 TB SSD/Windows 10 Pro/4 GB Graphics) 15-eb0033tx 2 in 1 La...,233912,,
Asus VivoBook S Series Core i5 8th Gen - (8 GB/1 TB HDD/256 GB SSD/Windows 10 Home) S430FA-EB039T Thin...,53990,14190 Ratings & 2016 Reviews,4.4
Lenovo Ideapad 520 Core i5 8th Gen - (8 GB/2 TB HDD/Windows 10 Home/4 GB Graphics) 520-15IKB Laptop,79090,,
Asus ZenBook 14 Core i7 11th Gen - (16 GB/512 GB SSD/Windows 10 Home) UX425EA-BM701TS Thin and Light L...,96990,7 Ratings & 2 Reviews,3.9
Asus ZenBook 13 Core i5 8th Gen - (8 GB/512 GB SSD/Windows 10 Home) UX333FA-A4117T Thin and Light Lapt...,72990,15 Ratings & 2 Reviews,4.5
Avita Pura Ryzen 5 Quad Core 3500U - (8 GB/512 GB SSD/Windows 10 Home in S Mode) NS14A6INV561-SHGYB Th...,32990,3948 Ratings & 796 Reviews,4.2
Lenovo Ideapad S540 Core i5 10th Gen - (8 GB/512 GB SSD/Windows 10 Home/2 GB Graphics) S540-13IML Thin...,99490,4 Ratings & 0 Reviews,4.3
Asus ROG Zephyrus S17 Core i7 10th Gen - (32 GB/1 TB SSD/Windows 10 Home/8 GB Graphics/NVIDIA Geforce ...,282990,,
MSI GP65 Leopard Core i7 10th Gen - (32 GB/1 TB HDD/512 GB SSD/Windows 10 Home/8 GB Graphics/NVIDIA Ge...,149990,97 Ratings & 22 Reviews,4.5
Lenovo Ideapad S145 Core i3 7th Gen - (4 GB/1 TB HDD/Windows 10 Home/512 MB Graphics) 81VD00EFIN Lapto...,33999,,
Asus ZenBook Core i7 10th Gen - (16 GB/1 TB SSD/Windows 10 Home) UX325JA-EG137TS Thin and Light Laptop,106990,11 Ratings & 2 Reviews,4.8
Microsoft Surface Pro 6 Core i7 8th Gen - (8 GB/256 GB SSD/Windows 10 Home) 1796 2 in 1 Laptop,127990,,
Dell Latitude 3400 Core i5 8th Gen - (8 GB/1 TB HDD/Windows 10 Pro) Latitude 3400 Laptop,78497,3 Ratings & 0 Reviews,5
Apple MacBook Pro with Touch Bar Core i5 8th Gen - (8 GB/512 GB SSD/Mac OS Catalina) MXK52HN/A,142990,66 Ratings & 11 Reviews,4.9
Acer Aspire 5 Core i5 8th Gen - (8 GB + 16 GB Optane/1 TB HDD/Windows 10 Home/2 GB Graphics) A515-52G-...,61990,112 Ratings & 27 Reviews,4.1
HP Envy Core i5 10th Gen - (16 GB/512 GB SSD/Windows 10 Home/4 GB Graphics) 15-ep0011TX Laptop,113000,,
HP Spectre x360 Core i5 10th Gen - (16 GB/512 GB SSD/Windows 10 Pro/4 GB Graphics) 15-eb0014tx 2 in 1 ...,210520,,
Apple MacBook Air Core i5 10th Gen - (8 GB/512 GB SSD/Mac OS Catalina) MVH42HN/A,122990,215 Ratings & 15 Reviews,4.5
Avita Liber Core i5 8th Gen - (8 GB/256 GB SSD/Windows 10 Home) NS13A2IN199P Thin and Light Laptop,38990,392 Ratings & 68 Reviews,4.2
Asus ExpertBook P2 Core i7 10th Gen - (8 GB/1 TB HDD/DOS/2 GB Graphics) ExpertBook P2 P2451FB Thin and...,75990,,
Acer Aspire 5 Core i3 10th Gen - (4 GB + 32 GB Optane/512 GB SSD/Windows 10 Home) A514-53-316M Thin an...,39990,415 Ratings & 54 Reviews,4.3
Lenovo Yoga Slim 7 Core i7 10th Gen - (8 GB/512 GB SSD/Windows 10 Home/2 GB Graphics) 14IIL05 Thin and...,91990,4 Ratings & 2 Reviews,5
Lenovo Ideapad S145 Ryzen 5 Quad Core 3500U - (8 GB/1 TB HDD/Windows 10 Home) S145-15API Laptop,43899,218 Ratings & 32 Reviews,4.1
Microsoft Surface Pro 7 Core i5 10th Gen - (8 GB/256 GB SSD/Windows 10 Home) 1866 2 in 1 Laptop,117990,,
MSI Modern 14 Core i7 10th Gen - (8 GB/512 GB SSD/Windows 10 Home/2 GB Graphics) Modern 14 A10RAS-1069...,79990,26 Ratings & 6 Reviews,4.8
Asus ZenBook 14 Core i7 8th Gen - (8 GB/512 GB SSD/Windows 10 Home) UX433FA-A6111T Thin and Light Lapt...,85990,14 Ratings & 0 Reviews,4.4
Asus VivoBook Gaming (2020) Core i7 10th Gen - (16 GB/512 GB SSD/Windows 10 Home/4 GB Graphics/NVIDIA ...,81990,62 Ratings & 11 Reviews,4.5
Asus ZenBook Duo Core i5 10th Gen - (8 GB/512 GB SSD/Windows 10 Home/2 GB Graphics) UX481FL-B5811T Thi...,90990,63 Ratings & 16 Reviews,4.6
Asus EeeBook 12 Celeron Dual Core - (4 GB/64 GB EMMC Storage/Windows 10 Home) E203NA-FD164T Thin and L...,17990,501 Ratings & 73 Reviews,3.9
HP Ryzen 3 Quad Core 3300U - (4 GB/1 TB HDD/Windows 10 Home) G7 245 Thin and Light Laptop,29490,142 Ratings & 14 Reviews,4
Avita Pura Ryzen 5 Quad Core 3500U - (8 GB/512 GB SSD/Windows 10 Home in S Mode) NS14A6INV561-SGGYB Th...,32990,3948 Ratings & 796 Reviews,4.2
MSI Prestige 14 Core i7 10th Gen - (16 GB/512 GB SSD/Windows 10 Home/2 GB Graphics) Prestige 14 A10RAS...,92990,33 Ratings & 5 Reviews,4
Acer Swift 5 Core i5 8th Gen - (8 GB/256 GB SSD/Windows 10 Home) SF514-52T Thin and Light Laptop,64990,14 Ratings & 3 Reviews,4
Asus ROG Strix G15 Core i7 10th Gen - (16 GB/1 TB SSD/Windows 10 Home/6 GB Graphics/NVIDIA Geforce RTX...,124990,156 Ratings & 27 Reviews,4.5
Dell Core i5 5th Gen - (8 GB/1 TB HDD/Windows 10 Home/4 GB Graphics) 7548 Laptop,69500,23 Ratings & 6 Reviews,1.6
Asus VivoBook Gaming Core i5 8th Gen - (8 GB/512 GB SSD/Windows 10 Home/4 GB Graphics/NVIDIA Geforce G...,58000,2240 Ratings & 381 Reviews,4.4
Lenovo Ideapad 3 Core i5 10th Gen - (8 GB/1 TB HDD/Windows 10 Home) 15IIL05 Laptop,48990,337 Ratings & 43 Reviews,4.1
Apple MacBook Pro with Touch Bar Core i5 8th Gen - (8 GB/256 GB SSD/Mac OS Catalina) MXK62HN/A,122990,37 Ratings & 9 Reviews,4.7
Lenovo APU Dual Core A6 A6-9225 - (4 GB/1 TB HDD/Windows 10 Home) V145 Laptop,25999,65 Ratings & 11 Reviews,3.9
Lenovo Ideapad S340 Core i3 10th Gen - (8 GB/256 GB SSD/Windows 10 Home) S340-14IIL Thin and Light Lap...,42490,231 Ratings & 42 Reviews,4.4
Asus ZenBook 13 Core i7 8th Gen - (8 GB/512 GB SSD/Windows 10 Home) UX333FA-A4175T Thin and Light Lapt...,81351,5 Ratings & 0 Reviews,4.6
Lenovo Ideapad S145 Core i5 10th Gen - (8 GB/1 TB HDD/Windows 10 Home) S145-15IIL Laptop,42990,745 Ratings & 80 Reviews,3.9
HP 14c Core i5 10th Gen - (8 GB/128 GB EMMC Storage/Chrome OS) 14c-ca0009TU 2 in 1 Laptop,65990,,
Asus VivoBook 15 Core i5 10th Gen - (8 GB/1 TB HDD/Windows 10 Home) X509JA-BQ840T Laptop,50990,,
Asus TUF Gaming A17 Ryzen 5 Hexa Core 4600H - (8 GB/1 TB HDD/Windows 10 Home/4 GB Graphics/NVIDIA Gefo...,59990,88 Ratings & 24 Reviews,4.4
Asus ExpertBook P2 Core i7 10th Gen - (8 GB/1 TB HDD/Windows 10 Pro/2 GB Graphics) ExpertBook P2 P2451...,93990,,
Asus ZenBook Core i5 10th Gen - (8 GB/512 GB SSD/Windows 10 Home) UX325JA-EG135TS Thin and Light Lapto...,80990,4 Ratings & 1 Reviews,4.8
Asus Core i3 10th Gen - (4 GB/512 GB SSD/Windows 10 Home) X413JA-EK261T Thin and Light Laptop,38990,279 Ratings & 46 Reviews,4.2
Dell Inspiron Ryzen 5 Quad Core 3500U - (8 GB/512 GB SSD/Windows 10 Home) Inspiron 3505 Laptop,46990,368 Ratings & 67 Reviews,3.7
Dell Inspiron Ryzen 5 Quad Core 3500U - (8 GB/512 GB SSD/Windows 10 Home) Inspiron 3505 Laptop,46990,368 Ratings & 67 Reviews,3.7
MSI GS66 Stealth Core i7 10th Gen - (32 GB/1 TB SSD/Windows 10 Home/8 GB Graphics/NVIDIA Geforce RTX 2...,254990,,
Asus ROG Strix G Core i5 9th Gen - (16 GB/1 TB SSD/Windows 10 Home/6 GB Graphics/NVIDIA Geforce GTX 16...,94990,25 Ratings & 3 Reviews,4.6
Asus ZenBook 13 Core i5 8th Gen - (8 GB/512 GB SSD/Windows 10 Home) UX331UAL-EG011T Thin and Light Lap...,75990,293 Ratings & 43 Reviews,4.4
MSI Core i7 8th Gen - (16 GB/1 TB HDD/256 GB SSD/Windows 10 Home/6 GB Graphics/NVIDIA Geforce RTX 2060...,158990,,
MSI Stealth Core i7 8th Gen - (16 GB/512 GB SSD/Windows 10 Home/6 GB Graphics/NVIDIA Geforce RTX 2060)...,189990,5 Ratings & 1 Reviews,4.8
Lenovo Ideapad 330s Core i5 8th Gen - (4 GB/1 TB HDD/Windows 10 Home/4 GB Graphics) 330S-15IKB Thin an...,62594,21 Ratings & 5 Reviews,4
Nexstgo Core i5 8th Gen - (16 GB/512 GB SSD/Windows 10 Pro) NX101 Thin and Light Laptop,97990,,
Avita Liber Core i5 7th Gen - (8 GB/512 GB SSD/Windows 10 Home) NS13A1IN014P Thin and Light Laptop,52990,,
Asus Core i7 10th Gen - (16 GB/1 TB SSD/Windows 10 Home/2 GB Graphics) UX481FL-BM149T Thin and Light L...,124741,6 Ratings & 0 Reviews,4
Asus ExpertBook B9 Core i5 10th Gen - (8 GB/512 GB SSD/Windows 10 Pro) ExpertBook B9 B9450FA Thin and ...,132790,,
Lenovo Legion 5i Core i5 10th Gen - (8 GB/1 TB HDD/256 GB SSD/Windows 10/4 GB Graphics/NVIDIA Geforce ...,89890,,
Apple MacBook Air Core i5 10th Gen - (8 GB/512 GB SSD/Mac OS Catalina) MVH52HN/A,118990,215 Ratings & 15 Reviews,4.5
Avita Liber Core i5 10th Gen - (8 GB/256 GB SSD/Windows 10 Home) NS14A8INF541-SG Thin and Light Laptop,36990,615 Ratings & 102 Reviews,4.3
Lenovo Ideapad S145 Core i3 10th Gen - (8 GB/1 TB HDD/Windows 10 Home) S145-15IIL Thin and Light Lapto...,39990,201 Ratings & 31 Reviews,4.2
Asus ExpertBook P2 Core i5 10th Gen - (8 GB/512 GB SSD/DOS/2 GB Graphics) ExpertBook P2 P2451FB Thin a...,69990,,
Acer Nitro 5 Core i7 10th Gen - (8 GB/1 TB HDD/256 GB SSD/Windows 10 Home/4 GB Graphics/NVIDIA Geforce...,79990,3 Ratings & 0 Reviews,3
Dell Latitude 3400 Core i3 8th Gen - (4 GB/1 TB HDD/Windows 10 Pro) Latitude 3400 Laptop,57860,,
Dell Inspiron Core i3 11th Gen - (4 GB/256 GB SSD/Windows 10 Home) Inspiron 5406 2 in 1 Laptop,51890,,
HP Envy Core i5 10th Gen - (8 GB/512 GB SSD/Windows 10 Home) 13-ba0003tu Thin and Light Laptop,75990,13 Ratings & 4 Reviews,4
Acer ConceptD 5 Core i5 8th Gen - (16 GB/1 TB SSD/Windows 10 Home/4 GB Graphics) CN515-51 Thin and Lig...,114990,,
Acer Predator 17 Core i7 7th Gen - (16 GB/2 TB HDD/256 GB SSD/Windows 10 Home/8 GB Graphics/NVIDIA Gef...,186555,,
Dell Inspiron Core i3 10th Gen - (8 GB/1 TB HDD/Windows 10 Home) Inspiron 3593 Laptop,39990,16 Ratings & 1 Reviews,3.9
Asus ZenBook 14 Core i5 8th Gen - (8 GB/512 GB SSD/Windows 10 Home) UX433FA-A6106T Thin and Light Lapt...,74910,7 Ratings & 0 Reviews,4.4
Lenovo Ideapad S145 Core i3 10th Gen - (8 GB/256 GB SSD/Windows 10 Home) S145-15IIL Laptop,38990,210 Ratings & 36 Reviews,4
Dell G5 15 SE Ryzen 5 Hexa Core 4600H - (8 GB/512 GB SSD/Windows 10 Home/6 GB Graphics/AMD Radeon RX 5...,77990,182 Ratings & 50 Reviews,4.4
Lenovo T490 Core i5 10th Gen - (8 GB/512 GB SSD/Windows 10 Pro) T490 Business Laptop,109999,,
Dell Inspiron Core i3 10th Gen - (4 GB/1 TB HDD/Windows 10 Home) Inspiron 3593 Laptop,39107,58 Ratings & 6 Reviews,3.9
MSI GE Core i7 8th Gen - (16 GB/1 TB HDD/512 GB SSD/Windows 10 Home/8 GB Graphics/NVIDIA Geforce GTX 1...,179990,12 Ratings & 1 Reviews,4.8
Asus ZenBook 13 Core i7 8th Gen - (8 GB/512 GB SSD/Windows 10 Home) UX333FA-A4116T Thin and Light Lapt...,82990,29 Ratings & 3 Reviews,4.5
Asus ROG Strix G15 Core i7 10th Gen - (16 GB/1 TB SSD/Windows 10 Home/6 GB Graphics/NVIDIA Geforce GTX...,109990,33 Ratings & 3 Reviews,4.4
Lenovo Ideapad S340 Core i3 10th Gen - (8 GB/1 TB HDD/Windows 10 Home) S340-14IIL Thin and Light Lapto...,57990,5 Ratings & 0 Reviews,4.8
Asus ZenBook Classic Core i5 10th Gen - (8 GB/512 GB SSD/Windows 10 Home/2 GB Graphics) UX334FL-A5822T...,84990,,
Acer Swift 7 Core i5 7th Gen - (8 GB/256 GB SSD/Windows 10 Home) SF713-51 Thin and Light Laptop,69990,37 Ratings & 4 Reviews,4.5
HP Chromebook 14a Celeron Dual Core - (4 GB/64 GB EMMC Storage/Chrome OS) 14a-na0003tu Thin and Light ...,26990,148 Ratings & 18 Reviews,3.7
Dell Inspiron Core i3 10th Gen - (8 GB/1 TB HDD/Windows 10 Home) Inspiron 3593 Laptop,43000,415 Ratings & 46 Reviews,4.2
Acer Spin 7 Core i7 7th Gen - (8 GB/256 GB SSD/Windows 10 Home) SP714-51 Laptop,119990,1 Ratings & 1 Reviews,4
Avita Pura Ryzen 5 Quad Core 3500U - (8 GB/512 GB SSD/Windows 10 Home in S Mode) NS14A6INV561-MEGYB Th...,32990,3948 Ratings & 796 Reviews,4.2
Avita Pura Ryzen 5 Quad Core 3500U - (8 GB/512 GB SSD/Windows 10 Home in S Mode) NS14A6INV561-PDGYB Th...,32990,3948 Ratings & 796 Reviews,4.2
MSI GL Core i7 7th Gen - (8 GB/1 TB HDD/DOS/2 GB Graphics/NVIDIA Geforce GTX 1050) GL62M 7RDX-1878XIN ...,79257,6 Ratings & 1 Reviews,3.5
Avita Liber V14 Ryzen 5 Quad Core 3500U - (8 GB/512 GB SSD/Windows 10 Home) NS14A8INV561-IBA Thin and ...,39990,463 Ratings & 120 Reviews,4.3
HP Envy x360 Ryzen 5 Hexa Core 4500U - (8 GB/512 GB SSD/Windows 10 Pro) 13-ay0078AU 2 in 1 Laptop,92990,,
HP Core i7 9th Gen - (16 GB/1 TB HDD/256 GB SSD/Windows 10 Pro/4 GB Graphics) ZBook 15v G5 Mobile Work...,132270,,
iBall CompBook Pentium Quad Core - (4 GB/32 GB EMMC Storage/Windows 10 Home) Premio v3.0 Laptop,13990,1192 Ratings & 214 Reviews,3.8
Lenovo Ideapad 3 Ryzen 5 Quad Core 3500U 10th Gen - (4 GB/1 TB HDD/128 GB SSD/Windows 10 Home) 15ADA T...,48993,,
HP Omen Core i7 10th Gen - (16 GB/1 TB SSD/Windows 10 Home/8 GB Graphics/NVIDIA Geforce RTX 2070 with ...,177990,,
Lenovo Ideapad S145 Core i3 8th Gen - (4 GB/1 TB HDD/Windows 10 Home) 81VD Ideapad S145-15IKB U Laptop,33990,396 Ratings & 59 Reviews,3.9
Alienware Core i7 10th Gen - (16 GB/512 GB SSD/Windows 10 Home/6 GB Graphics/NVIDIA Geforce GTX 1660 T...,199990,9 Ratings & 0 Reviews,4.9
Avita Pura Ryzen 5 Quad Core 3500U - (8 GB/512 GB SSD/Windows 10 Home in S Mode) NS14A6INV561-MEGYB Th...,32990,3948 Ratings & 796 Reviews,4.2
Acer Spin 7 Core i7 7th Gen - (8 GB/256 GB SSD/Windows 10 Home) SP714-51 Laptop,119990,1 Ratings & 1 Reviews,4
Avita Pura Ryzen 5 Quad Core 3500U - (8 GB/512 GB SSD/Windows 10 Home in S Mode) NS14A6INV561-PDGYB Th...,32990,3948 Ratings & 796 Reviews,4.2
HP Envy x360 Ryzen 5 Hexa Core 4500U - (8 GB/512 GB SSD/Windows 10 Pro) 13-ay0078AU 2 in 1 Laptop,92990,,
HP Core i7 9th Gen - (16 GB/1 TB HDD/256 GB SSD/Windows 10 Pro/4 GB Graphics) ZBook 15v G5 Mobile Work...,132270,,
MSI GL Core i7 7th Gen - (8 GB/1 TB HDD/DOS/2 GB Graphics/NVIDIA Geforce GTX 1050) GL62M 7RDX-1878XIN ...,79257,6 Ratings & 1 Reviews,3.5
Avita Liber V14 Ryzen 5 Quad Core 3500U - (8 GB/512 GB SSD/Windows 10 Home) NS14A8INV561-IBA Thin and ...,39990,463 Ratings & 120 Reviews,4.3
iBall CompBook Pentium Quad Core - (4 GB/32 GB EMMC Storage/Windows 10 Home) Premio v3.0 Laptop,13990,1192 Ratings & 214 Reviews,3.8
Lenovo Ideapad 3 Ryzen 5 Quad Core 3500U 10th Gen - (4 GB/1 TB HDD/128 GB SSD/Windows 10 Home) 15ADA T...,48993,,
Alienware Core i7 10th Gen - (16 GB/512 GB SSD/Windows 10 Home/6 GB Graphics/NVIDIA Geforce GTX 1660 T...,199990,9 Ratings & 0 Reviews,4.9
Dell Inspiron Core i3 10th Gen - (4 GB/1 TB HDD/Windows 10 Home) Inspiron 3501 Laptop,37990,35 Ratings & 1 Reviews,3.7
HP Pavilion Core i5 10th Gen - (8 GB/1 TB HDD/256 GB SSD/Windows 10/2 GB Graphics) 15-cs3006tx Laptop,66990,169 Ratings & 23 Reviews,4.3
MSI GE75 Raider Core i9 10th Gen - (32 GB/1 TB HDD/512 GB SSD/Windows 10 Home/8 GB Graphics/NVIDIA Gef...,249990,,
HP Core i3 10th Gen - (4 GB/1 TB HDD/Windows 10 Home) 1S5F1PA Laptop,39643,48 Ratings & 5 Reviews,3.9
LG Gram 17 Core i7 10th Gen - (8 GB/512 GB SSD/Windows 10 Home) Gram 17Z90N Laptop,99990,27 Ratings & 12 Reviews,4.8
Mi Core i5 10th Gen - (8 GB/512 GB SSD/Windows 10 Home/2 GB Graphics) JYU4244IN Thin and Light Laptop,49999,18 Ratings & 4 Reviews,4.2
Acer Core i7 6th Gen - (16 GB/1 TB HDD/128 GB SSD/Windows 10 Home/4 GB Graphics/NVIDIA Geforce GTX 980...,179990,,
MSI GL Core i7 7th Gen - (8 GB/1 TB HDD/Windows 10 Home/4 GB Graphics/NVIDIA Geforce GTX 1050) GL62 7R...,95990,,
MSI Core i7 7th Gen - (16 GB/1 TB HDD/256 GB SSD/Windows 10 Home/8 GB Graphics/NVIDIA Geforce GTX 1070...,185990,6 Ratings & 3 Reviews,4.2
Asus ExpertBook P2 Core i5 10th Gen - (8 GB/1 TB HDD/DOS/2 GB Graphics) ExpertBook P2 P2451FB Thin and...,69290,,
Acer Nitro 5 Ryzen 5 Quad Core 2500U - (8 GB/1 TB HDD/Windows 10 Home/4 GB Graphics/AMD Radeon RX 560X...,53990,2870 Ratings & 463 Reviews,4.4
Acer Predator Helios 300 Core i5 7th Gen - (8 GB/1 TB HDD/128 GB SSD/Windows 10 Home/4 GB Graphics/NVI...,129999,3233 Ratings & 698 Reviews,4.5
Avita Pura Ryzen 5 Quad Core 3500U - (8 GB/512 GB SSD/Windows 10 Home in S Mode) NS14A6INV561-SWGYB Th...,32990,3948 Ratings & 796 Reviews,4.2
LG Gram 14 Core i5 10th Gen - (8 GB/256 GB SSD/Windows 10 Home) Gram 14Z90N Laptop,64990,10 Ratings & 4 Reviews,4.5
LG Gram 14 Core i5 10th Gen - (8 GB/256 GB SSD/Windows 10 Home) Gram 14Z90N Laptop,64990,10 Ratings & 4 Reviews,4.5
Avita Magus Lite Celeron Dual Core - (4 GB/64 GB EMMC Storage/Windows 10 Home) NS12T5IN006P 2 in 1 Lap...,17990,1961 Ratings & 327 Reviews,3.9
HP Envy Core i7 10th Gen - (16 GB/1 TB SSD/Windows 10 Home/6 GB Graphics) 15-ep0123TX Laptop,143990,5 Ratings & 2 Reviews,3.2
Asus ExpertBook P1 Core i5 10th Gen - (8 GB/1 TB HDD/Windows 10 Pro) ExpertBook P1 P1440FA Thin and Li...,62699,,
HP EliteBook 840 G7 Core i7 10th Gen - (8 GB/512 GB SSD/Windows 10 Pro) EliteBook 840 G7 Notebook PC B...,125648,,
Lenovo Ideapad S340 Core i5 10th Gen - (8 GB/1 TB HDD/256 GB SSD/Windows 10 Home/2 GB Graphics) S340-1...,62990,137 Ratings & 22 Reviews,4.2
Asus ExpertBook P1 Core i5 10th Gen - (4 GB/1 TB HDD/Windows 10 Pro) ExpertBook P1 P1440FA Thin and Li...,61249,,
Dell Latitude Series Core i3 8th Gen - (4 GB/1 TB HDD/Ubuntu) 3400 Laptop,42486,22 Ratings & 2 Reviews,4.2
Microsoft Surface Pro 7 Core i3 10th Gen - (4 GB/128 GB SSD/Windows 10 Home) M1866 2 in 1 Laptop,69990,5 Ratings & 2 Reviews,5
HP 250 G7 Core i3 10th Gen - (4 GB/512 GB SSD/Windows 10 Home) 22A67PA Laptop,40689,177 Ratings & 17 Reviews,4.2
Acer Aspire 5 Core i5 8th Gen - (8 GB/1 TB HDD/Windows 10 Home/2 GB Graphics) A515-52G Thin and Light ...,61990,67 Ratings & 22 Reviews,4.2
Dell Inspiron 3000 Core i3 10th Gen - (4 GB/1 TB HDD/Windows 10 Home) Inspiron 3593 Laptop,40590,105 Ratings & 16 Reviews,3.6
HP 15s Core i3 10th Gen - (4 GB/1 TB HDD/Windows 10 Home) 15s-du2009TU Thin and Light Laptop,43296,329 Ratings & 41 Reviews,4.1
HP Spectre x360 Core i5 8th Gen - (8 GB/256 GB SSD/Windows 10 Pro) 13-ap0121TU 2 in 1 Laptop,151133,,
Avita Liber Core i5 8th Gen - (8 GB/256 GB SSD/Windows 10 Home) NS13A2IN201P Thin and Light Laptop,39990,392 Ratings & 68 Reviews,4.2
HP 15 Ryzen 5 Hexa Core 4600H - (16 GB/512 GB SSD/Windows 10 Home/6 GB Graphics/NVIDIA Geforce GTX 166...,104990,,
MSI GF63 Thin Core i5 9th Gen - (8 GB/512 GB SSD/Windows 10 Home/4 GB Graphics/NVIDIA Geforce GTX 1650...,59990,228 Ratings & 41 Reviews,4.3
HP Pavilion x360 Core i5 10th Gen - (8 GB/256 GB SSD/Windows 10 Home) 14-dh1010TU 2 in 1 Laptop,78838,102 Ratings & 8 Reviews,4.5
Dell G5 15 SE Ryzen 7 Octa Core 4800H - (16 GB/512 GB SSD/Windows 10 Home/6 GB Graphics/AMD Radeon RX ...,89990,56 Ratings & 5 Reviews,4.3
HP 15 Core i7 8th Gen - (8 GB/1 TB HDD/128 GB SSD/Windows 10 Home/4 GB Graphics) 15-dc0082TX Laptop,116941,,
Acer ConceptD 5 Core i5 8th Gen - (8 GB/512 GB SSD/Windows 10 Home/4 GB Graphics) CN515-51 Thin and Li...,79990,,
Acer Swift 3 Athlon Dual Core 300U - (4 GB/1 TB HDD/Windows 10 Home) SF314-41 Thin and Light Laptop,34290,271 Ratings & 41 Reviews,4.1
Asus ZenBook 13 Core i5 8th Gen - (8 GB/512 GB SSD/Windows 10 Home) UX333FA-A4118T Thin and Light Lapt...,72990,15 Ratings & 2 Reviews,4.5
Lenovo V145-AMD-A6 APU Dual Core A6 - (4 GB/1 TB HDD/Windows 10 Home) 81MTA000IH Laptop,30190,201 Ratings & 24 Reviews,3.9
Lenovo Ideapad S145 Core i3 8th Gen - (4 GB/1 TB HDD/Windows 10 Home) 81VD Ideapad S145-15IKB U Laptop,37990,620 Ratings & 88 Reviews,4
Lenovo Ideapad S340 Core i5 10th Gen - (8 GB/512 GB SSD/Windows 10 Home/2 GB Graphics) S340-14IILD Thi...,63990,,
HP Omen Core i5 7th Gen - (8 GB/1 TB HDD/128 GB SSD/Windows 10 Home/4 GB Graphics/NVIDIA Geforce GTX 1...,102551,,
HP Omen Core i5 10th Gen - (8 GB/512 GB SSD/Windows 10 Home/4 GB Graphics/NVIDIA Geforce GTX 1650) 15-...,77990,30 Ratings & 6 Reviews,4.3
Avita Liber Core i5 10th Gen - (8 GB/256 GB SSD/Windows 10 Home) NS14A8INF541-CS Thin and Light Laptop,36990,615 Ratings & 102 Reviews,4.3
Dell Inspiron 5000 Core i3 10th Gen - (4 GB/256 GB SSD/Windows 10 Home) 5491 2 in 1 Laptop,47730,127 Ratings & 29 Reviews,4.3
Lenovo APU Dual Core A6 A6-9225 - (4 GB/1 TB HDD/DOS) V145 Laptop,22990,54 Ratings & 3 Reviews,3.5
Dell Inspiron 15 7000 Series Core i5 8th Gen - (8 GB/1 TB HDD/128 GB SSD/Windows 10 Home/2 GB Graphics...,79990,,
Lenovo thinkpad E series Core i3 10th Gen - (4 GB/1 TB HDD/DOS) E14 Business Laptop,37999,20 Ratings & 1 Reviews,4.2
Dell Inspiron Core i5 10th Gen - (8 GB/512 GB SSD/Windows 10 Home/2 GB Graphics) Inspiron 5501 Thin an...,71990,60 Ratings & 7 Reviews,4.4
Asus ROG Zephyrus G14 Ryzen 9 Octa Core 4900HS - (32 GB/1 TB SSD/Windows 10 Home/6 GB Graphics/NVIDIA ...,199990,,
Asus ZenBook 13 Core i5 8th Gen - (8 GB/256 GB SSD/Windows 10 Home) UX331FAL-EG075T Thin and Light Lap...,54990,171 Ratings & 33 Reviews,4.4
Avita Pura Ryzen 5 Quad Core 3500U - (8 GB/512 GB SSD/Windows 10 Home in S Mode) NS14A6INV561-SRGYB Th...,32990,3948 Ratings & 796 Reviews,4.2
Lenovo Core i5 7th Gen - (8 GB/1 TB HDD/Windows 10 Home/4 GB Graphics) IP 520 Laptop,64715,57 Ratings & 21 Reviews,4
Asus ExpertBook B9 Core i7 10th Gen - (16 GB/2 TB SSD/Windows 10 Pro) ExpertBook B9 B9450FA Thin and L...,233990,,
Lenovo Yoga C640 Core i5 10th Gen - (8 GB/512 GB SSD/Windows 10 Home) C640-13IML 2 in 1 Laptop,84999,,
Lenovo Ideapad S145 Core i3 10th Gen - (4 GB/1 TB HDD/DOS) S145-15IIL Laptop,31039,230 Ratings & 45 Reviews,3.7
Avita Magus Lite Celeron Dual Core - (4 GB/64 GB EMMC Storage/Windows 10 Home) NS12T5IN005P 2 in 1 Lap...,17990,1961 Ratings & 327 Reviews,3.9
Asus VivoBook 14 Core i5 8th Gen - (8 GB/512 GB SSD/Windows 10 Home) X412FA-EK230T Thin and Light Lapt...,54990,2240 Ratings & 300 Reviews,4.4
Asus VivoBook S14 Core i7 8th Gen - (8 GB/1 TB HDD/256 GB SSD/Windows 10 Home/2 GB Graphics) S430FN-EB...,79990,956 Ratings & 166 Reviews,4.4
HP Ryzen 5 Quad Core NA - (4 GB/1 TB HDD/DOS) 245 G7 Thin and Light Laptop,31990,141 Ratings & 33 Reviews,3.8
Asus Core i9 10th Gen - (32 GB/1 TB SSD/Windows 10 Home/6 GB Graphics/NVIDIA Geforce RTX 2060) UX581LV...,269990,,
Lenovo B50-70 Notebook (4th Gen Ci5/ 8GB/ 1TB/ Win8/ 2GB Graph) (59-427747),52490,77 Ratings & 16 Reviews,3.8
Asus ZenBook Core i5 8th Gen - (8 GB/256 GB SSD/Windows 10 Home) UX430UA-GV307T Thin and Light Laptop,54990,161 Ratings & 29 Reviews,4.2
HP Pavilion 15-CS Core i5 8th Gen - (8 GB/1 TB HDD/Windows 10 Home/2 GB Graphics) 15-cs1000tx Laptop,64990,24 Ratings & 3 Reviews,4.3
Lenovo ThinkPad E14 Core i5 10th Gen - (8 GB/512 GB SSD/Windows 10 Pro) ThinkPad E14 Laptop,85500,,
HP G4 Core i7 7th Gen - (16 GB/1 TB SSD/8 GB EMMC Storage/Windows 10 Pro) EliteBook 1040 G4 Laptop,245999,,
Dell G3 Core i5 9th Gen - (8 GB/512 GB SSD/Windows 10 Home/4 GB Graphics/NVIDIA Geforce GTX 1650) G3 3...,75000,208 Ratings & 38 Reviews,4.3
Lenovo Core i7 7th Gen - (8 GB/256 GB SSD/Windows 10 Home) IP 720S Thin and Light Laptop,99600,4 Ratings & 0 Reviews,2.3
HP Chromebook x360 Core i3 8th Gen - (8 GB/64 GB EMMC Storage/Chrome OS) 14-da0003TU 2 in 1 Laptop,51297,30 Ratings & 7 Reviews,4.2
HP ProBook Core i3 7th Gen - (4 GB/500 GB HDD/Windows 10 Pro) 440 Business Laptop,61715,4 Ratings & 2 Reviews,2.8
HP DA Core i3 7th Gen - (8 GB/1 TB HDD/Windows 10 Home/2 GB Graphics) DA0070TX Laptop,49279,38 Ratings & 3 Reviews,4.5
HP OMEN Core i7 7th Gen - (8 GB/1 TB HDD/128 GB SSD/Windows 10 Home/4 GB Graphics/NVIDIA Geforce GTX 1...,103828,15 Ratings & 5 Reviews,4.1
HP 15 Core i5 8th Gen - (8 GB/1 TB HDD/DOS/2 GB Graphics) 15-da0077tx Laptop,55729,230 Ratings & 29 Reviews,4.3
COCONICS Core i3 7th Gen - (4 GB/500 GB HDD/Windows 10 Pro) CNBIC-AA01-4GB RAM Laptop,39450,,
HP 14q Core i3 7th Gen - (4 GB/256 GB SSD/Windows 10 Home) 14q-cs0019TU Thin and Light Laptop,37990,29 Ratings & 7 Reviews,4.2
HP 250-G6 Core i5 7th Gen - (4 GB/1 TB HDD/DOS/2 GB Graphics) 2RC10PA Laptop,46200,45 Ratings & 6 Reviews,4.2
HP 15q Core i3 7th Gen - (4 GB/1 TB HDD/DOS) 15q-ds0015tu Laptop,32955,302 Ratings & 27 Reviews,4.2
AGB Octev Core i7 7th Gen - (32 GB/1 TB HDD/512 GB SSD/Windows 10 Pro/2 GB Graphics/NVIDIA Geforce GTX...,96999,,
AGB Octev Core i7 7th Gen - (16 GB/1 TB HDD/512 GB SSD/Windows 10/2 GB Graphics/NVIDIA Geforce GTX 950...,86000,,
HP Pavilion Gaming 16 Core i5 10th Gen - (8 GB/1 TB HDD/256 GB SSD/Windows 10 Home/4 GB Graphics/NVIDI...,94000,13 Ratings & 2 Reviews,4.5
Lenovo Legion Core i7 7th Gen - (8 GB/1 TB HDD/128 GB SSD/Windows 10 Home/4 GB Graphics/NVIDIA Geforce...,104000,206 Ratings & 58 Reviews,4.4
Dell Inspiron Core i5 11th Gen - (8 GB/1 TB SSD/Windows 10 Home) Inspiron 5301 Thin and Light Laptop,87990,,
HP G4 APU Dual Core A9 A9-9410 7th Gen - (4 GB/500 GB HDD/Windows 10 Home) 455 G4 Laptop,58800,7 Ratings & 1 Reviews,4
Lenovo Ideapad 330 Core i3 8th Gen - (4 GB/1 TB HDD/Windows 10 Home/512 MB Graphics) Ideapad 330 Lapto...,42000,40 Ratings & 4 Reviews,4.1
Lenovo Ideapad S340 Core i3 10th Gen - (4 GB/1 TB HDD/Windows 10 Home) S340-14IIL Thin and Light Lapto...,51600,29 Ratings & 4 Reviews,3.6
Lenovo Z50 Notebook (4th Gen Ci5/ 4GB/ 1TB/ Free DOS) (59-442264),42000,5 Ratings & 1 Reviews,4.2
Lenovo Core i5 10th Gen - (8 GB/256 GB SSD/Windows 10 Pro) ThinkBook 14 Thin and Light Laptop,74900,,
Acer P2 Series Core i5 10th Gen - (8 GB/1 TB HDD/Windows 10 Home) TMP214-52 Thin and Light Laptop,50990,170 Ratings & 35 Reviews,4
Asus ExpertBook B9 Core i7 10th Gen - (16 GB/1 TB SSD/Windows 10 Pro) ExpertBook B9 B9450FA Thin and L...,167990,,
Dell G5 15 SE Ryzen 5 Hexa Core 4600H - (8 GB/512 GB SSD/Windows 10 Home/6 GB Graphics/AMD Radeon RX 5...,74990,65 Ratings & 19 Reviews,3.7
Asus ROG Strix G15 Core i5 10th Gen - (8 GB/512 GB SSD/Windows 10 Home/4 GB Graphics/NVIDIA Geforce GT...,79990,190 Ratings & 25 Reviews,4.5
HP 245 G7 Ryzen 5 Quad Core 2500U - (8 GB/1 TB HDD/Windows 10 Pro) 245 G7 Thin and Light Laptop,41990,8 Ratings & 1 Reviews,3.6
Lenovo Ideapad Flex 5 Core i3 10th Gen - (4 GB/256 GB SSD/Windows 10 Home) 14IIL05 2 in 1 Laptop,48949,,
Asus Pro P5 Core i5 8th Gen - (8 GB/512 GB SSD/Windows 10 Pro) Pro P5 P5440FA Thin and Light Laptop,85990,,
Lenovo Yoga Core i7 10th Gen - (16 GB/1 TB SSD/Windows 10 Home) Yoga S940-14IIL Thin and Light Laptop,139990,,
Asus Core i7 10th Gen - (32 GB/1 TB SSD/Windows 10 Home/6 GB Graphics/NVIDIA Geforce RTX 2060) UX581LV...,224990,,
Alienware Core i7 9th Gen - (16 GB/1 TB HDD/512 GB SSD/Windows 10 Home/8 GB Graphics/NVIDIA Geforce RT...,232990,,
Dell Inspiron 3000 Ryzen 3 Quad Core 2300U - (4 GB/1 TB HDD/Windows 10 Home) C563104WIN9 Laptop,34990,38 Ratings & 3 Reviews,3.9
HP 15s Core i5 10th Gen - (8 GB/1 TB HDD/256 GB SSD/Windows 10 Home/2 GB Graphics) 15s-dr2007tx Laptop,63990,47 Ratings & 5 Reviews,4.1
Dell Inspiron 7000 Core i5 6th Gen - (8 GB/1 TB HDD/8 GB SSD/Windows 10 Home/4 GB Graphics/NVIDIA Gefo...,88768,13 Ratings & 3 Reviews,3
Acer Swift 3 Core i5 8th Gen - (8 GB/256 GB SSD/Windows 10 Home) SF313-51-506P Thin and Light Laptop,57546,18 Ratings & 6 Reviews,3.6
Asus ROG Core i7 7th Gen - (8 GB/1 TB HDD/256 GB SSD/Windows 10 Home/6 GB Graphics/NVIDIA Geforce GTX ...,146490,2 Ratings & 1 Reviews,3
Dell XPS Core i7 10th Gen - (16 GB/512 GB SSD/Windows 10 Home/4 GB Graphics) XPS 9500 Laptop,181769,,
Asus VivoBook Gaming Core i5 9th Gen - (8 GB + 32 GB Optane/512 GB SSD/Windows 10 Home/4 GB Graphics/N...,62990,281 Ratings & 54 Reviews,4.4
Microsoft Surface Go Pentium Gold - (4 GB/64 GB EMMC Storage/Windows 10 Home in S Mode) 1824 2 in 1 La...,38599,1626 Ratings & 207 Reviews,4.3
Asus ExpertBook B9 Core i7 10th Gen - (16 GB/1 TB SSD/Windows 10 Pro) ExpertBook B9 B9450FA Thin and L...,165990,,
Asus ExpertBook P2 Core i5 10th Gen - (8 GB/1 TB HDD/Windows 10 Pro/2 GB Graphics) ExpertBook P2 P2451...,83990,,
Dell Latitude Core i3 10th Gen - (4 GB/1 TB HDD/Ubuntu) Latitude 3410 Business Laptop,37990,,
Acer Swift 3 Core i5 11th Gen - (16 GB + 32 GB Optane/512 GB SSD/Windows 10 Home/4 GB Graphics) SF314-...,79990,4 Ratings & 1 Reviews,4.3
MSI Prestige 14 Core i7 10th Gen - (16 GB/512 GB SSD/Windows 10 Home/2 GB Graphics) Prestige 14 A10RAS...,89990,33 Ratings & 5 Reviews,4
HP Core i5 7th Gen - (8 GB/256 GB SSD/Windows 10 Home) 13-V123TU Thin and Light Laptop,75000,5 Ratings & 3 Reviews,5
HP Envy Core i7 10th Gen - (16 GB/1 TB SSD/Windows 10 Home/6 GB Graphics) 15-EP0142TX 2 in 1 Laptop,196844,3 Ratings & 1 Reviews,3.7
Acer Chromebook Celeron Dual Core - (4 GB/16 GB EMMC Storage/Chrome OS) C733 Chromebook,20990,37 Ratings & 2 Reviews,3.5
HP Spectre x360 Core i7 10th Gen - (16 GB/512 GB SSD/Windows 10 Pro) 13-aw0205tu 2 in 1 Laptop,162990,3 Ratings & 1 Reviews,3.3
HP Omen Core i5 7th Gen - (8 GB/1 TB HDD/128 GB SSD/Windows 10 Home/6 GB Graphics/NVIDIA Geforce GTX 1...,137098,,
Lenovo ThinkBook 14 Core i3 10th Gen - (4 GB/1 TB HDD/DOS) ThinkBook 14 IIL Thin and Light Laptop,38999,16 Ratings & 3 Reviews,4.2
Dell Inspiron 14 Core i3 10th Gen - (4 GB/1 TB HDD/Windows 10 Home) Inspiron 3493 Thin and Light Lapto...,40899,5 Ratings & 0 Reviews,3.2
Asus ROG Strix Scar 17 Core i9 10th Gen - (32 GB/2 TB SSD/Windows 10 Home/8 GB Graphics/NVIDIA Geforce...,269990,,
Asus ZenBook 13 Core i7 8th Gen - (8 GB/512 GB SSD/Windows 10 Home) UX331UAL-EG031T Thin and Light Lap...,84990,505 Ratings & 94 Reviews,4.5
Lenovo Ideapad 720S Core i7 8th Gen - (8 GB/512 GB SSD/Windows 10 Home) 720S-13IKB Thin and Light Lapt...,95695,,
Acer Celeron Dual Core 7th Gen - (4 GB/32 GB EMMC Storage/Chrome OS) C733 Chromebook,20990,39 Ratings & 10 Reviews,3.3
Asus ZenBook Classic Core i5 10th Gen - (8 GB/512 GB SSD/Windows 10 Home) UX333FA-A5821TS Thin and Lig...,79990,4 Ratings & 0 Reviews,4.3
Dell XPS 13 Core i7 8th Gen - (16 GB/512 GB SSD/Windows 10 Home) 9370 Thin and Light Laptop,120990,,
Avita Liber Core i5 10th Gen - (8 GB/256 GB SSD/Windows 10 Home) NS14A8INF541-AB Thin and Light Laptop,52990,615 Ratings & 102 Reviews,4.3
Acer One 14 Pentium Gold - (4 GB/1 TB HDD/Windows 10 Home) Z2-485 Thin and Light Laptop,30000,44 Ratings & 4 Reviews,3.4
Avita Pura Core i3 8th Gen - (4 GB/256 GB SSD/Windows 10 Home in S Mode) NS14A6INT441-SRGYB Thin and L...,69844,214 Ratings & 30 Reviews,4.2
Lenovo V Series APU Quad Core A4 9125 - (8 GB/1 TB HDD/DOS) V145 Laptop,30350,148 Ratings & 17 Reviews,3.4
Acer Aspire Core i3 6th Gen - (4 GB/128 GB SSD/Windows 10 Home) X349-M Laptop,49449,,
Dell Inspiron Core i5 10th Gen - (8 GB/512 GB SSD/Windows 10 Home) Inspiron 7490 Thin and Light Laptop,86990,,
Dell Inspiron 7000 Core i5 10th Gen - (8 GB/512 GB SSD/Windows 10 Home/2 GB Graphics) 7490 Thin and Li...,89149,,
Alienware Core i7 10th Gen - (16 GB/1 TB SSD/Windows 10 Home/8 GB Graphics/NVIDIA Geforce RTX 2070) m1...,268990,4 Ratings & 2 Reviews,4
Asus Core i5 10th Gen - (8 GB/512 GB SSD/Windows 10 Home) X409JA-EK591T Thin and Light Laptop,50990,7 Ratings & 1 Reviews,4
Lenovo Ideapad 330 Core i5 8th Gen - (8 GB/1 TB HDD/Windows 10 Home/2 GB Graphics) 330-15IKB Laptop,46990,4382 Ratings & 556 Reviews,4.2
HP 15q APU Dual Core A9 A9-9425 - (4 GB/1 TB HDD/Windows 10 Home) 15q-dy0007AU Laptop,29990,12559 Ratings & 1567 Reviews,4.1
HP 15q APU Dual Core A6 A6-9225 - (4 GB/1 TB HDD/Windows 10 Home) 15q-dy0006AU Laptop,28250,4204 Ratings & 560 Reviews,4.1
Lenovo thinkbook Core i5 10th Gen - (8 GB/512 GB SSD/DOS) 14 Business Laptop,58990,,
Asus ROG Zephyrus Duo 15 Core i7 10th Gen - (32 GB/2 TB SSD/Windows 10 Home/8 GB Graphics/NVIDIA Gefor...,359990,,
Dell Inspiron Core i3 10th Gen - (4 GB/1 TB HDD/256 GB SSD/Windows 10 Home) Inspiron 3593 Laptop,44100,26 Ratings & 1 Reviews,4.2
Asus ZenBook Classic Core i5 10th Gen - (8 GB/512 GB SSD/Windows 10 Home/2 GB Graphics) UX334FL-A5821T...,86990,4 Ratings & 0 Reviews,3.8
Asus Pro P5 Core i5 8th Gen - (8 GB/1 TB HDD/Windows 10 Pro) Pro P5 P5440FA Thin and Light Laptop,81990,,
Avita Liber Core i7 8th Gen - (8 GB/256 GB SSD/Windows 10 Home) NS14A2IN249P Thin and Light Laptop,59990,,
Asus ZenBook 13 Core i7 8th Gen - (8 GB/512 GB SSD/Windows 10 Home) UX333FA-A4115T Thin and Light Lapt...,82990,29 Ratings & 3 Reviews,4.5
Dell Inspiron 5000 Core i5 8th Gen - (8 GB/1 TB HDD/512 GB SSD/Windows 10 Home/2 GB Graphics) 5584 Lap...,66500,159 Ratings & 23 Reviews,4.3
Lenovo Core i7 8th Gen - (8 GB/1 TB HDD/Windows 10 Home/2 GB Graphics) L340-15IWL Laptop,85600,127 Ratings & 14 Reviews,4.2
Asus ROG Zephyrus M15 Core i7 10th Gen - (16 GB/1 TB SSD/Windows 10 Home/6 GB Graphics/NVIDIA Geforce ...,210990,,
Asus ROG Zephyrus M15 Core i7 10th Gen - (16 GB/1 TB SSD/Windows 10 Home/6 GB Graphics/NVIDIA Geforce ...,196990,5 Ratings & 0 Reviews,4.6
HP 250 G7 Core i3 10th Gen - (4 GB/1 TB HDD/Windows 10 Home) 250 G7 Thin and Light Laptop,40899,,
Avita Liber Core i7 8th Gen - (8 GB/256 GB SSD/Windows 10 Home) NS14A2IN239P Thin and Light Laptop,59990,,
Dell Inspiron Core i5 10th Gen - (8 GB/512 GB SSD/Windows 10 Home) Inspiron 3593 Laptop,63500,24 Ratings & 2 Reviews,4.5
Avita Liber Core i7 8th Gen - (8 GB/256 GB SSD/Windows 10 Home) NS14A2IN244P Thin and Light Laptop,59990,,
Asus ROG Zephyrus Duo 15 Core i7 10th Gen - (32 GB/1 TB SSD/Windows 10 Home/8 GB Graphics/NVIDIA Gefor...,279990,,
Avita Liber Core i5 7th Gen - (8 GB/512 GB SSD/Windows 10 Home) NS13A1IN019P Thin and Light Laptop,52990,,
Avita Liber Core i5 7th Gen - (8 GB/512 GB SSD/Windows 10 Home) NS13A1IN013P Thin and Light Laptop,52990,,
Lenovo Ideapad Gaming 3 Core i5 10th Gen - (8 GB/512 GB SSD/Windows 10 Home/4 GB Graphics/NVIDIA Gefor...,72999,,
Avita Liber Core i5 7th Gen - (8 GB/512 GB SSD/Windows 10 Home) NS13A1IN015P Thin and Light Laptop,52990,,
Avita Liber Core i5 10th Gen - (8 GB/256 GB SSD/Windows 10 Home) NS14A8INF542-CS Thin and Light Laptop,52990,,
Asus Celeron Dual Core - (4 GB/500 GB HDD/Windows 10 Home) E12 E203NAH-FD114T Laptop,23890,,
Avita Liber Core i5 8th Gen - (8 GB/512 GB SSD/Windows 10 Home) NS14A2IN223P Thin and Light Laptop,55990,5 Ratings & 2 Reviews,3.6
Dell Inspiron Core i5 11th Gen - (8 GB/512 GB SSD/Windows 10 Home) Inspiron 5301 Thin and Light Laptop,79522,,
